gs://quantum-ally-219323-vcm/cereal_photos/apple_cinnamon_cheerios/001.jpg,apple_cinnamon_cheerios
gs://quantum-ally-219323-vcm/cereal_photos/apple_cinnamon_cheerios/002.jpg,apple_cinnamon_cheerios
gs://quantum-ally-219323-vcm/cereal_photos/apple_cinnamon_cheerios/003.jpg,apple_cinnamon_cheerios
gs://quantum-ally-219323-vcm/cereal_photos/apple_cinnamon_cheerios/004.jpg,apple_cinnamon_cheerios
gs://quantum-ally-219323-vcm/cereal_photos/apple_cinnamon_cheerios/005.jpg,apple_cinnamon_cheerios
gs://quantum-ally-219323-vcm/cereal_photos/apple_cinnamon_cheerios/006.jpg,apple_cinnamon_cheerios
gs://quantum-ally-219323-vcm/cereal_photos/apple_cinnamon_cheerios/007.jpg,apple_cinnamon_cheerios
gs://quantum-ally-219323-vcm/cereal_photos/apple_cinnamon_cheerios/008.jpg,apple_cinnamon_cheerios
gs://quantum-ally-219323-vcm/cereal_photos/apple_cinnamon_cheerios/009.jpg,apple_cinnamon_cheerios
gs://quantum-ally-219323-vcm/cereal_photos/apple_cinnamon_cheerios/010.jpg,apple_cinnamon_cheerios
gs://quantum-ally-219323-vcm/cereal_photos/apple_cinnamon_cheerios/011.jpg,apple_cinnamon_cheerios
gs://quantum-ally-219323-vcm/cereal_photos/apple_cinnamon_cheerios/012.jpg,apple_cinnamon_cheerios
gs://quantum-ally-219323-vcm/cereal_photos/apple_cinnamon_cheerios/013.jpg,apple_cinnamon_cheerios
gs://quantum-ally-219323-vcm/cereal_photos/apple_cinnamon_cheerios/014.jpg,apple_cinnamon_cheerios
gs://quantum-ally-219323-vcm/cereal_photos/apple_cinnamon_cheerios/015.jpg,apple_cinnamon_cheerios
gs://quantum-ally-219323-vcm/cereal_photos/apple_cinnamon_cheerios/016.jpg,apple_cinnamon_cheerios
gs://quantum-ally-219323-vcm/cereal_photos/apple_cinnamon_cheerios/017.jpg,apple_cinnamon_cheerios
gs://quantum-ally-219323-vcm/cereal_photos/apple_cinnamon_cheerios/018.jpg,apple_cinnamon_cheerios
gs://quantum-ally-219323-vcm/cereal_photos/apple_cinnamon_cheerios/019.jpg,apple_cinnamon_cheerios
gs://quantum-ally-219323-vcm/cereal_photos/apple_cinnamon_cheerios/020.jpg,apple_cinnamon_cheerios
gs://quantum-ally-219323-vcm/cereal_photos/apple_cinnamon_cheerios/021.jpg,apple_cinnamon_cheerios
gs://quantum-ally-219323-vcm/cereal_photos/apple_cinnamon_cheerios/022.jpg,apple_cinnamon_cheerios
gs://quantum-ally-219323-vcm/cereal_photos/apple_cinnamon_cheerios/023.jpg,apple_cinnamon_cheerios
gs://quantum-ally-219323-vcm/cereal_photos/apple_cinnamon_cheerios/024.jpg,apple_cinnamon_cheerios
gs://quantum-ally-219323-vcm/cereal_photos/apple_cinnamon_cheerios/025.jpg,apple_cinnamon_cheerios
gs://quantum-ally-219323-vcm/cereal_photos/apple_cinnamon_cheerios/026.jpg,apple_cinnamon_cheerios
gs://quantum-ally-219323-vcm/cereal_photos/apple_cinnamon_cheerios/027.jpg,apple_cinnamon_cheerios
gs://quantum-ally-219323-vcm/cereal_photos/apple_cinnamon_cheerios/028.jpg,apple_cinnamon_cheerios
gs://quantum-ally-219323-vcm/cereal_photos/apple_cinnamon_cheerios/029.jpg,apple_cinnamon_cheerios
gs://quantum-ally-219323-vcm/cereal_photos/apple_cinnamon_cheerios/030.jpg,apple_cinnamon_cheerios
gs://quantum-ally-219323-vcm/cereal_photos/apple_cinnamon_cheerios/031.jpg,apple_cinnamon_cheerios
gs://quantum-ally-219323-vcm/cereal_photos/apple_cinnamon_cheerios/032.jpg,apple_cinnamon_cheerios
gs://quantum-ally-219323-vcm/cereal_photos/apple_cinnamon_cheerios/033.jpg,apple_cinnamon_cheerios
gs://quantum-ally-219323-vcm/cereal_photos/apple_cinnamon_cheerios/034.jpg,apple_cinnamon_cheerios
gs://quantum-ally-219323-vcm/cereal_photos/apple_cinnamon_cheerios/035.jpg,apple_cinnamon_cheerios
gs://quantum-ally-219323-vcm/cereal_photos/apple_cinnamon_cheerios/036.jpg,apple_cinnamon_cheerios
gs://quantum-ally-219323-vcm/cereal_photos/apple_cinnamon_cheerios/037.jpg,apple_cinnamon_cheerios
gs://quantum-ally-219323-vcm/cereal_photos/apple_cinnamon_cheerios/038.jpg,apple_cinnamon_cheerios
gs://quantum-ally-219323-vcm/cereal_photos/apple_cinnamon_cheerios/039.jpg,apple_cinnamon_cheerios
gs://quantum-ally-219323-vcm/cereal_photos/apple_cinnamon_cheerios/040.jpg,apple_cinnamon_cheerios
gs://quantum-ally-219323-vcm/cereal_photos/apple_cinnamon_cheerios/041.jpg,apple_cinnamon_cheerios
gs://quantum-ally-219323-vcm/cereal_photos/apple_cinnamon_cheerios/042.jpg,apple_cinnamon_cheerios
gs://quantum-ally-219323-vcm/cereal_photos/apple_cinnamon_cheerios/043.jpg,apple_cinnamon_cheerios
gs://quantum-ally-219323-vcm/cereal_photos/apple_cinnamon_cheerios/044.jpg,apple_cinnamon_cheerios
gs://quantum-ally-219323-vcm/cereal_photos/apple_cinnamon_cheerios/045.jpg,apple_cinnamon_cheerios
gs://quantum-ally-219323-vcm/cereal_photos/apple_cinnamon_cheerios/046.jpg,apple_cinnamon_cheerios
gs://quantum-ally-219323-vcm/cereal_photos/apple_cinnamon_cheerios/047.jpg,apple_cinnamon_cheerios
gs://quantum-ally-219323-vcm/cereal_photos/apple_cinnamon_cheerios/048.jpg,apple_cinnamon_cheerios
gs://quantum-ally-219323-vcm/cereal_photos/apple_cinnamon_cheerios/049.jpg,apple_cinnamon_cheerios
gs://quantum-ally-219323-vcm/cereal_photos/apple_cinnamon_cheerios/050.jpg,apple_cinnamon_cheerios
gs://quantum-ally-219323-vcm/cereal_photos/apple_cinnamon_cheerios/051.jpg,apple_cinnamon_cheerios
gs://quantum-ally-219323-vcm/cereal_photos/apple_cinnamon_cheerios/052.jpg,apple_cinnamon_cheerios
gs://quantum-ally-219323-vcm/cereal_photos/apple_cinnamon_cheerios/053.jpg,apple_cinnamon_cheerios
gs://quantum-ally-219323-vcm/cereal_photos/apple_cinnamon_cheerios/054.jpg,apple_cinnamon_cheerios
gs://quantum-ally-219323-vcm/cereal_photos/apple_cinnamon_cheerios/055.jpg,apple_cinnamon_cheerios
gs://quantum-ally-219323-vcm/cereal_photos/apple_cinnamon_cheerios/056.jpg,apple_cinnamon_cheerios
gs://quantum-ally-219323-vcm/cereal_photos/apple_cinnamon_cheerios/057.jpg,apple_cinnamon_cheerios
gs://quantum-ally-219323-vcm/cereal_photos/apple_cinnamon_cheerios/058.jpg,apple_cinnamon_cheerios
gs://quantum-ally-219323-vcm/cereal_photos/apple_cinnamon_cheerios/059.jpg,apple_cinnamon_cheerios
gs://quantum-ally-219323-vcm/cereal_photos/apple_cinnamon_cheerios/060.jpg,apple_cinnamon_cheerios
gs://quantum-ally-219323-vcm/cereal_photos/apple_cinnamon_cheerios/061.jpg,apple_cinnamon_cheerios
gs://quantum-ally-219323-vcm/cereal_photos/apple_cinnamon_cheerios/062.jpg,apple_cinnamon_cheerios
gs://quantum-ally-219323-vcm/cereal_photos/apple_cinnamon_cheerios/063.jpg,apple_cinnamon_cheerios
gs://quantum-ally-219323-vcm/cereal_photos/apple_cinnamon_cheerios/064.jpg,apple_cinnamon_cheerios
gs://quantum-ally-219323-vcm/cereal_photos/apple_cinnamon_cheerios/065.jpg,apple_cinnamon_cheerios
gs://quantum-ally-219323-vcm/cereal_photos/apple_cinnamon_cheerios/066.jpg,apple_cinnamon_cheerios
gs://quantum-ally-219323-vcm/cereal_photos/apple_cinnamon_cheerios/067.jpg,apple_cinnamon_cheerios
gs://quantum-ally-219323-vcm/cereal_photos/apple_cinnamon_cheerios/068.jpg,apple_cinnamon_cheerios
gs://quantum-ally-219323-vcm/cereal_photos/apple_cinnamon_cheerios/069.jpg,apple_cinnamon_cheerios
gs://quantum-ally-219323-vcm/cereal_photos/apple_cinnamon_cheerios/070.jpg,apple_cinnamon_cheerios
gs://quantum-ally-219323-vcm/cereal_photos/apple_cinnamon_cheerios/071.jpg,apple_cinnamon_cheerios
gs://quantum-ally-219323-vcm/cereal_photos/apple_cinnamon_cheerios/072.jpg,apple_cinnamon_cheerios
gs://quantum-ally-219323-vcm/cereal_photos/apple_cinnamon_cheerios/073.jpg,apple_cinnamon_cheerios
gs://quantum-ally-219323-vcm/cereal_photos/apple_cinnamon_cheerios/074.jpg,apple_cinnamon_cheerios
gs://quantum-ally-219323-vcm/cereal_photos/apple_cinnamon_cheerios/075.jpg,apple_cinnamon_cheerios
gs://quantum-ally-219323-vcm/cereal_photos/apple_cinnamon_cheerios/076.jpg,apple_cinnamon_cheerios
gs://quantum-ally-219323-vcm/cereal_photos/apple_cinnamon_cheerios/077.jpg,apple_cinnamon_cheerios
gs://quantum-ally-219323-vcm/cereal_photos/apple_cinnamon_cheerios/2Q==(1).jpg,apple_cinnamon_cheerios
gs://quantum-ally-219323-vcm/cereal_photos/apple_cinnamon_cheerios/2Q==(2).jpg,apple_cinnamon_cheerios
gs://quantum-ally-219323-vcm/cereal_photos/apple_cinnamon_cheerios/2Q==(3).jpg,apple_cinnamon_cheerios
gs://quantum-ally-219323-vcm/cereal_photos/apple_cinnamon_cheerios/2Q==.jpg,apple_cinnamon_cheerios
gs://quantum-ally-219323-vcm/cereal_photos/apple_cinnamon_cheerios/9k=(1).jpg,apple_cinnamon_cheerios
gs://quantum-ally-219323-vcm/cereal_photos/apple_cinnamon_cheerios/9k=(2).jpg,apple_cinnamon_cheerios
gs://quantum-ally-219323-vcm/cereal_photos/apple_cinnamon_cheerios/9k=(3).jpg,apple_cinnamon_cheerios
gs://quantum-ally-219323-vcm/cereal_photos/apple_cinnamon_cheerios/9k=(4).jpg,apple_cinnamon_cheerios
gs://quantum-ally-219323-vcm/cereal_photos/apple_cinnamon_cheerios/9k=.jpg,apple_cinnamon_cheerios
gs://quantum-ally-219323-vcm/cereal_photos/apple_cinnamon_cheerios/images(1).jpg,apple_cinnamon_cheerios
gs://quantum-ally-219323-vcm/cereal_photos/apple_cinnamon_cheerios/images(10).jpg,apple_cinnamon_cheerios
gs://quantum-ally-219323-vcm/cereal_photos/apple_cinnamon_cheerios/images(11).jpg,apple_cinnamon_cheerios
gs://quantum-ally-219323-vcm/cereal_photos/apple_cinnamon_cheerios/images(12).jpg,apple_cinnamon_cheerios
gs://quantum-ally-219323-vcm/cereal_photos/apple_cinnamon_cheerios/images(14).jpg,apple_cinnamon_cheerios
gs://quantum-ally-219323-vcm/cereal_photos/apple_cinnamon_cheerios/images(2).jpg,apple_cinnamon_cheerios
gs://quantum-ally-219323-vcm/cereal_photos/apple_cinnamon_cheerios/images(3).jpg,apple_cinnamon_cheerios
gs://quantum-ally-219323-vcm/cereal_photos/apple_cinnamon_cheerios/images(4).jpg,apple_cinnamon_cheerios
gs://quantum-ally-219323-vcm/cereal_photos/apple_cinnamon_cheerios/images(5).jpg,apple_cinnamon_cheerios
gs://quantum-ally-219323-vcm/cereal_photos/apple_cinnamon_cheerios/images(6).jpg,apple_cinnamon_cheerios
gs://quantum-ally-219323-vcm/cereal_photos/apple_cinnamon_cheerios/images(7).jpg,apple_cinnamon_cheerios
gs://quantum-ally-219323-vcm/cereal_photos/apple_cinnamon_cheerios/images(8).jpg,apple_cinnamon_cheerios
gs://quantum-ally-219323-vcm/cereal_photos/apple_cinnamon_cheerios/images(9).jpg,apple_cinnamon_cheerios
gs://quantum-ally-219323-vcm/cereal_photos/apple_cinnamon_cheerios/images.jpg,apple_cinnamon_cheerios
gs://quantum-ally-219323-vcm/cereal_photos/apple_cinnamon_cheerios/Z(1).jpg,apple_cinnamon_cheerios
gs://quantum-ally-219323-vcm/cereal_photos/apple_cinnamon_cheerios/Z(2).jpg,apple_cinnamon_cheerios
gs://quantum-ally-219323-vcm/cereal_photos/apple_cinnamon_cheerios/Z(3).jpg,apple_cinnamon_cheerios
gs://quantum-ally-219323-vcm/cereal_photos/apple_cinnamon_cheerios/Z(4).jpg,apple_cinnamon_cheerios
gs://quantum-ally-219323-vcm/cereal_photos/apple_cinnamon_cheerios/Z(5).jpg,apple_cinnamon_cheerios
gs://quantum-ally-219323-vcm/cereal_photos/apple_cinnamon_cheerios/Z(6).jpg,apple_cinnamon_cheerios
gs://quantum-ally-219323-vcm/cereal_photos/apple_cinnamon_cheerios/Z.jpg,apple_cinnamon_cheerios
gs://quantum-ally-219323-vcm/cereal_photos/berry_kix/001.jpg,berry_kix
gs://quantum-ally-219323-vcm/cereal_photos/berry_kix/002.jpg,berry_kix
gs://quantum-ally-219323-vcm/cereal_photos/berry_kix/003.jpg,berry_kix
gs://quantum-ally-219323-vcm/cereal_photos/berry_kix/004.jpg,berry_kix
gs://quantum-ally-219323-vcm/cereal_photos/berry_kix/005.jpg,berry_kix
gs://quantum-ally-219323-vcm/cereal_photos/berry_kix/006.jpg,berry_kix
gs://quantum-ally-219323-vcm/cereal_photos/berry_kix/007.jpg,berry_kix
gs://quantum-ally-219323-vcm/cereal_photos/berry_kix/008.jpg,berry_kix
gs://quantum-ally-219323-vcm/cereal_photos/berry_kix/009.jpg,berry_kix
gs://quantum-ally-219323-vcm/cereal_photos/berry_kix/010.jpg,berry_kix
gs://quantum-ally-219323-vcm/cereal_photos/berry_kix/011.jpg,berry_kix
gs://quantum-ally-219323-vcm/cereal_photos/berry_kix/012.jpg,berry_kix
gs://quantum-ally-219323-vcm/cereal_photos/berry_kix/013.jpg,berry_kix
gs://quantum-ally-219323-vcm/cereal_photos/berry_kix/014.jpg,berry_kix
gs://quantum-ally-219323-vcm/cereal_photos/berry_kix/015.jpg,berry_kix
gs://quantum-ally-219323-vcm/cereal_photos/berry_kix/016.jpg,berry_kix
gs://quantum-ally-219323-vcm/cereal_photos/berry_kix/017.jpg,berry_kix
gs://quantum-ally-219323-vcm/cereal_photos/berry_kix/018.jpg,berry_kix
gs://quantum-ally-219323-vcm/cereal_photos/berry_kix/019.jpg,berry_kix
gs://quantum-ally-219323-vcm/cereal_photos/berry_kix/020.jpg,berry_kix
gs://quantum-ally-219323-vcm/cereal_photos/berry_kix/021.jpg,berry_kix
gs://quantum-ally-219323-vcm/cereal_photos/berry_kix/022.jpg,berry_kix
gs://quantum-ally-219323-vcm/cereal_photos/berry_kix/023.jpg,berry_kix
gs://quantum-ally-219323-vcm/cereal_photos/berry_kix/024.jpg,berry_kix
gs://quantum-ally-219323-vcm/cereal_photos/berry_kix/025.jpg,berry_kix
gs://quantum-ally-219323-vcm/cereal_photos/berry_kix/026.jpg,berry_kix
gs://quantum-ally-219323-vcm/cereal_photos/berry_kix/027.jpg,berry_kix
gs://quantum-ally-219323-vcm/cereal_photos/berry_kix/028.jpg,berry_kix
gs://quantum-ally-219323-vcm/cereal_photos/berry_kix/029.jpg,berry_kix
gs://quantum-ally-219323-vcm/cereal_photos/berry_kix/030.jpg,berry_kix
gs://quantum-ally-219323-vcm/cereal_photos/berry_kix/031.jpg,berry_kix
gs://quantum-ally-219323-vcm/cereal_photos/berry_kix/032.jpg,berry_kix
gs://quantum-ally-219323-vcm/cereal_photos/berry_kix/033.jpg,berry_kix
gs://quantum-ally-219323-vcm/cereal_photos/berry_kix/034.jpg,berry_kix
gs://quantum-ally-219323-vcm/cereal_photos/berry_kix/035.jpg,berry_kix
gs://quantum-ally-219323-vcm/cereal_photos/berry_kix/036.jpg,berry_kix
gs://quantum-ally-219323-vcm/cereal_photos/berry_kix/037.jpg,berry_kix
gs://quantum-ally-219323-vcm/cereal_photos/berry_kix/038.jpg,berry_kix
gs://quantum-ally-219323-vcm/cereal_photos/berry_kix/039.jpg,berry_kix
gs://quantum-ally-219323-vcm/cereal_photos/berry_kix/040.jpg,berry_kix
gs://quantum-ally-219323-vcm/cereal_photos/berry_kix/041.jpg,berry_kix
gs://quantum-ally-219323-vcm/cereal_photos/berry_kix/042.jpg,berry_kix
gs://quantum-ally-219323-vcm/cereal_photos/berry_kix/043.jpg,berry_kix
gs://quantum-ally-219323-vcm/cereal_photos/berry_kix/044.jpg,berry_kix
gs://quantum-ally-219323-vcm/cereal_photos/berry_kix/045.jpg,berry_kix
gs://quantum-ally-219323-vcm/cereal_photos/berry_kix/046.jpg,berry_kix
gs://quantum-ally-219323-vcm/cereal_photos/berry_kix/047.jpg,berry_kix
gs://quantum-ally-219323-vcm/cereal_photos/berry_kix/048.jpg,berry_kix
gs://quantum-ally-219323-vcm/cereal_photos/berry_kix/049.jpg,berry_kix
gs://quantum-ally-219323-vcm/cereal_photos/berry_kix/050.jpg,berry_kix
gs://quantum-ally-219323-vcm/cereal_photos/berry_kix/051.jpg,berry_kix
gs://quantum-ally-219323-vcm/cereal_photos/berry_kix/052.jpg,berry_kix
gs://quantum-ally-219323-vcm/cereal_photos/berry_kix/053.jpg,berry_kix
gs://quantum-ally-219323-vcm/cereal_photos/berry_kix/054.jpg,berry_kix
gs://quantum-ally-219323-vcm/cereal_photos/berry_kix/055.jpg,berry_kix
gs://quantum-ally-219323-vcm/cereal_photos/berry_kix/056.jpg,berry_kix
gs://quantum-ally-219323-vcm/cereal_photos/berry_kix/057.jpg,berry_kix
gs://quantum-ally-219323-vcm/cereal_photos/berry_kix/058.jpg,berry_kix
gs://quantum-ally-219323-vcm/cereal_photos/berry_kix/059.jpg,berry_kix
gs://quantum-ally-219323-vcm/cereal_photos/berry_kix/060.jpg,berry_kix
gs://quantum-ally-219323-vcm/cereal_photos/berry_kix/061.jpg,berry_kix
gs://quantum-ally-219323-vcm/cereal_photos/berry_kix/062.jpg,berry_kix
gs://quantum-ally-219323-vcm/cereal_photos/berry_kix/063.jpg,berry_kix
gs://quantum-ally-219323-vcm/cereal_photos/berry_kix/064.jpg,berry_kix
gs://quantum-ally-219323-vcm/cereal_photos/berry_kix/065.jpg,berry_kix
gs://quantum-ally-219323-vcm/cereal_photos/berry_kix/066.jpg,berry_kix
gs://quantum-ally-219323-vcm/cereal_photos/berry_kix/067.jpg,berry_kix
gs://quantum-ally-219323-vcm/cereal_photos/berry_kix/068.jpg,berry_kix
gs://quantum-ally-219323-vcm/cereal_photos/berry_kix/069.jpg,berry_kix
gs://quantum-ally-219323-vcm/cereal_photos/berry_kix/070.jpg,berry_kix
gs://quantum-ally-219323-vcm/cereal_photos/chocolate_cheerios/001.jpg,chocolate_cheerios
gs://quantum-ally-219323-vcm/cereal_photos/chocolate_cheerios/002.jpg,chocolate_cheerios
gs://quantum-ally-219323-vcm/cereal_photos/chocolate_cheerios/003.jpg,chocolate_cheerios
gs://quantum-ally-219323-vcm/cereal_photos/chocolate_cheerios/004.jpg,chocolate_cheerios
gs://quantum-ally-219323-vcm/cereal_photos/chocolate_cheerios/005.jpg,chocolate_cheerios
gs://quantum-ally-219323-vcm/cereal_photos/chocolate_cheerios/006.jpg,chocolate_cheerios
gs://quantum-ally-219323-vcm/cereal_photos/chocolate_cheerios/007.jpg,chocolate_cheerios
gs://quantum-ally-219323-vcm/cereal_photos/chocolate_cheerios/008.jpg,chocolate_cheerios
gs://quantum-ally-219323-vcm/cereal_photos/chocolate_cheerios/009.jpg,chocolate_cheerios
gs://quantum-ally-219323-vcm/cereal_photos/chocolate_cheerios/010.jpg,chocolate_cheerios
gs://quantum-ally-219323-vcm/cereal_photos/chocolate_cheerios/011.jpg,chocolate_cheerios
gs://quantum-ally-219323-vcm/cereal_photos/chocolate_cheerios/012.jpg,chocolate_cheerios
gs://quantum-ally-219323-vcm/cereal_photos/chocolate_cheerios/013.jpg,chocolate_cheerios
gs://quantum-ally-219323-vcm/cereal_photos/chocolate_cheerios/014.jpg,chocolate_cheerios
gs://quantum-ally-219323-vcm/cereal_photos/chocolate_cheerios/015.jpg,chocolate_cheerios
gs://quantum-ally-219323-vcm/cereal_photos/chocolate_cheerios/016.jpg,chocolate_cheerios
gs://quantum-ally-219323-vcm/cereal_photos/chocolate_cheerios/017.jpg,chocolate_cheerios
gs://quantum-ally-219323-vcm/cereal_photos/chocolate_cheerios/018.jpg,chocolate_cheerios
gs://quantum-ally-219323-vcm/cereal_photos/chocolate_cheerios/019.jpg,chocolate_cheerios
gs://quantum-ally-219323-vcm/cereal_photos/chocolate_cheerios/020.jpg,chocolate_cheerios
gs://quantum-ally-219323-vcm/cereal_photos/chocolate_cheerios/021.jpg,chocolate_cheerios
gs://quantum-ally-219323-vcm/cereal_photos/chocolate_cheerios/022.jpg,chocolate_cheerios
gs://quantum-ally-219323-vcm/cereal_photos/chocolate_cheerios/023.jpg,chocolate_cheerios
gs://quantum-ally-219323-vcm/cereal_photos/chocolate_cheerios/024.jpg,chocolate_cheerios
gs://quantum-ally-219323-vcm/cereal_photos/chocolate_cheerios/025.jpg,chocolate_cheerios
gs://quantum-ally-219323-vcm/cereal_photos/chocolate_cheerios/026.jpg,chocolate_cheerios
gs://quantum-ally-219323-vcm/cereal_photos/chocolate_cheerios/027.jpg,chocolate_cheerios
gs://quantum-ally-219323-vcm/cereal_photos/chocolate_cheerios/028.jpg,chocolate_cheerios
gs://quantum-ally-219323-vcm/cereal_photos/chocolate_cheerios/029.jpg,chocolate_cheerios
gs://quantum-ally-219323-vcm/cereal_photos/chocolate_cheerios/030.jpg,chocolate_cheerios
gs://quantum-ally-219323-vcm/cereal_photos/chocolate_cheerios/031.jpg,chocolate_cheerios
gs://quantum-ally-219323-vcm/cereal_photos/chocolate_cheerios/032.jpg,chocolate_cheerios
gs://quantum-ally-219323-vcm/cereal_photos/chocolate_cheerios/033.jpg,chocolate_cheerios
gs://quantum-ally-219323-vcm/cereal_photos/chocolate_cheerios/034.jpg,chocolate_cheerios
gs://quantum-ally-219323-vcm/cereal_photos/chocolate_cheerios/035.jpg,chocolate_cheerios
gs://quantum-ally-219323-vcm/cereal_photos/chocolate_cheerios/036.jpg,chocolate_cheerios
gs://quantum-ally-219323-vcm/cereal_photos/chocolate_cheerios/037.jpg,chocolate_cheerios
gs://quantum-ally-219323-vcm/cereal_photos/chocolate_cheerios/038.jpg,chocolate_cheerios
gs://quantum-ally-219323-vcm/cereal_photos/chocolate_cheerios/039.jpg,chocolate_cheerios
gs://quantum-ally-219323-vcm/cereal_photos/chocolate_cheerios/040.jpg,chocolate_cheerios
gs://quantum-ally-219323-vcm/cereal_photos/chocolate_cheerios/041.jpg,chocolate_cheerios
gs://quantum-ally-219323-vcm/cereal_photos/chocolate_cheerios/042.jpg,chocolate_cheerios
gs://quantum-ally-219323-vcm/cereal_photos/chocolate_cheerios/043.jpg,chocolate_cheerios
gs://quantum-ally-219323-vcm/cereal_photos/chocolate_cheerios/044.jpg,chocolate_cheerios
gs://quantum-ally-219323-vcm/cereal_photos/chocolate_cheerios/045.jpg,chocolate_cheerios
gs://quantum-ally-219323-vcm/cereal_photos/chocolate_cheerios/046.jpg,chocolate_cheerios
gs://quantum-ally-219323-vcm/cereal_photos/chocolate_cheerios/047.jpg,chocolate_cheerios
gs://quantum-ally-219323-vcm/cereal_photos/chocolate_cheerios/048.jpg,chocolate_cheerios
gs://quantum-ally-219323-vcm/cereal_photos/chocolate_cheerios/049.jpg,chocolate_cheerios
gs://quantum-ally-219323-vcm/cereal_photos/chocolate_cheerios/050.jpg,chocolate_cheerios
gs://quantum-ally-219323-vcm/cereal_photos/chocolate_cheerios/051.jpg,chocolate_cheerios
gs://quantum-ally-219323-vcm/cereal_photos/chocolate_cheerios/052.jpg,chocolate_cheerios
gs://quantum-ally-219323-vcm/cereal_photos/chocolate_cheerios/053.jpg,chocolate_cheerios
gs://quantum-ally-219323-vcm/cereal_photos/chocolate_cheerios/054.jpg,chocolate_cheerios
gs://quantum-ally-219323-vcm/cereal_photos/chocolate_cheerios/055.jpg,chocolate_cheerios
gs://quantum-ally-219323-vcm/cereal_photos/chocolate_cheerios/056.jpg,chocolate_cheerios
gs://quantum-ally-219323-vcm/cereal_photos/chocolate_cheerios/057.jpg,chocolate_cheerios
gs://quantum-ally-219323-vcm/cereal_photos/chocolate_cheerios/058.jpg,chocolate_cheerios
gs://quantum-ally-219323-vcm/cereal_photos/chocolate_cheerios/059.jpg,chocolate_cheerios
gs://quantum-ally-219323-vcm/cereal_photos/chocolate_cheerios/060.jpg,chocolate_cheerios
gs://quantum-ally-219323-vcm/cereal_photos/chocolate_cheerios/061.jpg,chocolate_cheerios
gs://quantum-ally-219323-vcm/cereal_photos/chocolate_cheerios/062.jpg,chocolate_cheerios
gs://quantum-ally-219323-vcm/cereal_photos/chocolate_cheerios/063.jpg,chocolate_cheerios
gs://quantum-ally-219323-vcm/cereal_photos/chocolate_cheerios/064.jpg,chocolate_cheerios
gs://quantum-ally-219323-vcm/cereal_photos/chocolate_cheerios/065.jpg,chocolate_cheerios
gs://quantum-ally-219323-vcm/cereal_photos/chocolate_cheerios/066.jpg,chocolate_cheerios
gs://quantum-ally-219323-vcm/cereal_photos/chocolate_cheerios/067.jpg,chocolate_cheerios
gs://quantum-ally-219323-vcm/cereal_photos/chocolate_cheerios/068.jpg,chocolate_cheerios
gs://quantum-ally-219323-vcm/cereal_photos/chocolate_cheerios/069.jpg,chocolate_cheerios
gs://quantum-ally-219323-vcm/cereal_photos/chocolate_cheerios/070.jpg,chocolate_cheerios
gs://quantum-ally-219323-vcm/cereal_photos/chocolate_cheerios/071.jpg,chocolate_cheerios
gs://quantum-ally-219323-vcm/cereal_photos/chocolate_cheerios/072.jpg,chocolate_cheerios
gs://quantum-ally-219323-vcm/cereal_photos/chocolate_cheerios/073.jpg,chocolate_cheerios
gs://quantum-ally-219323-vcm/cereal_photos/chocolate_cheerios/074.jpg,chocolate_cheerios
gs://quantum-ally-219323-vcm/cereal_photos/chocolate_cheerios/075.jpg,chocolate_cheerios
gs://quantum-ally-219323-vcm/cereal_photos/chocolate_cheerios/076.jpg,chocolate_cheerios
gs://quantum-ally-219323-vcm/cereal_photos/chocolate_cheerios/077.jpg,chocolate_cheerios
gs://quantum-ally-219323-vcm/cereal_photos/chocolate_cheerios/078.jpg,chocolate_cheerios
gs://quantum-ally-219323-vcm/cereal_photos/chocolate_cheerios/079.jpg,chocolate_cheerios
gs://quantum-ally-219323-vcm/cereal_photos/chocolate_cheerios/080.jpg,chocolate_cheerios
gs://quantum-ally-219323-vcm/cereal_photos/chocolate_cheerios/081.jpg,chocolate_cheerios
gs://quantum-ally-219323-vcm/cereal_photos/chocolate_cheerios/082.jpg,chocolate_cheerios
gs://quantum-ally-219323-vcm/cereal_photos/chocolate_cheerios/083.jpg,chocolate_cheerios
gs://quantum-ally-219323-vcm/cereal_photos/chocolate_cheerios/084.jpg,chocolate_cheerios
gs://quantum-ally-219323-vcm/cereal_photos/chocolate_cheerios/085.jpg,chocolate_cheerios
gs://quantum-ally-219323-vcm/cereal_photos/chocolate_cheerios/086.jpg,chocolate_cheerios
gs://quantum-ally-219323-vcm/cereal_photos/chocolate_cheerios/087.jpg,chocolate_cheerios
gs://quantum-ally-219323-vcm/cereal_photos/chocolate_cheerios/088.jpg,chocolate_cheerios
gs://quantum-ally-219323-vcm/cereal_photos/chocolate_cheerios/089.jpg,chocolate_cheerios
gs://quantum-ally-219323-vcm/cereal_photos/chocolate_cheerios/090.jpg,chocolate_cheerios
gs://quantum-ally-219323-vcm/cereal_photos/chocolate_cheerios/091.jpg,chocolate_cheerios
gs://quantum-ally-219323-vcm/cereal_photos/chocolate_cheerios/092.jpg,chocolate_cheerios
gs://quantum-ally-219323-vcm/cereal_photos/chocolate_cheerios/093.jpg,chocolate_cheerios
gs://quantum-ally-219323-vcm/cereal_photos/chocolate_cheerios/094.jpg,chocolate_cheerios
gs://quantum-ally-219323-vcm/cereal_photos/chocolate_cheerios/095.jpg,chocolate_cheerios
gs://quantum-ally-219323-vcm/cereal_photos/cocoa_puffs/001.jpg,cocoa_puffs
gs://quantum-ally-219323-vcm/cereal_photos/cocoa_puffs/002.jpg,cocoa_puffs
gs://quantum-ally-219323-vcm/cereal_photos/cocoa_puffs/003.jpg,cocoa_puffs
gs://quantum-ally-219323-vcm/cereal_photos/cocoa_puffs/004.jpg,cocoa_puffs
gs://quantum-ally-219323-vcm/cereal_photos/cocoa_puffs/005.jpg,cocoa_puffs
gs://quantum-ally-219323-vcm/cereal_photos/cocoa_puffs/006.jpg,cocoa_puffs
gs://quantum-ally-219323-vcm/cereal_photos/cocoa_puffs/007.jpg,cocoa_puffs
gs://quantum-ally-219323-vcm/cereal_photos/cocoa_puffs/008.jpg,cocoa_puffs
gs://quantum-ally-219323-vcm/cereal_photos/cocoa_puffs/009.jpg,cocoa_puffs
gs://quantum-ally-219323-vcm/cereal_photos/cocoa_puffs/010.jpg,cocoa_puffs
gs://quantum-ally-219323-vcm/cereal_photos/cocoa_puffs/011.jpg,cocoa_puffs
gs://quantum-ally-219323-vcm/cereal_photos/cocoa_puffs/012.jpg,cocoa_puffs
gs://quantum-ally-219323-vcm/cereal_photos/cocoa_puffs/013.jpg,cocoa_puffs
gs://quantum-ally-219323-vcm/cereal_photos/cocoa_puffs/014.jpg,cocoa_puffs
gs://quantum-ally-219323-vcm/cereal_photos/cocoa_puffs/015.jpg,cocoa_puffs
gs://quantum-ally-219323-vcm/cereal_photos/cocoa_puffs/016.jpg,cocoa_puffs
gs://quantum-ally-219323-vcm/cereal_photos/cocoa_puffs/017.jpg,cocoa_puffs
gs://quantum-ally-219323-vcm/cereal_photos/cocoa_puffs/018.jpg,cocoa_puffs
gs://quantum-ally-219323-vcm/cereal_photos/cocoa_puffs/019.jpg,cocoa_puffs
gs://quantum-ally-219323-vcm/cereal_photos/cocoa_puffs/020.jpg,cocoa_puffs
gs://quantum-ally-219323-vcm/cereal_photos/cocoa_puffs/021.jpg,cocoa_puffs
gs://quantum-ally-219323-vcm/cereal_photos/cocoa_puffs/022.jpg,cocoa_puffs
gs://quantum-ally-219323-vcm/cereal_photos/cocoa_puffs/023.jpg,cocoa_puffs
gs://quantum-ally-219323-vcm/cereal_photos/cocoa_puffs/024.jpg,cocoa_puffs
gs://quantum-ally-219323-vcm/cereal_photos/cocoa_puffs/025.jpg,cocoa_puffs
gs://quantum-ally-219323-vcm/cereal_photos/cocoa_puffs/026.jpg,cocoa_puffs
gs://quantum-ally-219323-vcm/cereal_photos/cocoa_puffs/027.jpg,cocoa_puffs
gs://quantum-ally-219323-vcm/cereal_photos/cocoa_puffs/028.jpg,cocoa_puffs
gs://quantum-ally-219323-vcm/cereal_photos/cocoa_puffs/029.jpg,cocoa_puffs
gs://quantum-ally-219323-vcm/cereal_photos/cocoa_puffs/030.jpg,cocoa_puffs
gs://quantum-ally-219323-vcm/cereal_photos/cocoa_puffs/031.jpg,cocoa_puffs
gs://quantum-ally-219323-vcm/cereal_photos/cocoa_puffs/032.jpg,cocoa_puffs
gs://quantum-ally-219323-vcm/cereal_photos/cocoa_puffs/033.jpg,cocoa_puffs
gs://quantum-ally-219323-vcm/cereal_photos/cocoa_puffs/034.jpg,cocoa_puffs
gs://quantum-ally-219323-vcm/cereal_photos/cocoa_puffs/035.jpg,cocoa_puffs
gs://quantum-ally-219323-vcm/cereal_photos/cocoa_puffs/036.jpg,cocoa_puffs
gs://quantum-ally-219323-vcm/cereal_photos/cocoa_puffs/037.jpg,cocoa_puffs
gs://quantum-ally-219323-vcm/cereal_photos/cocoa_puffs/038.jpg,cocoa_puffs
gs://quantum-ally-219323-vcm/cereal_photos/cocoa_puffs/039.jpg,cocoa_puffs
gs://quantum-ally-219323-vcm/cereal_photos/cocoa_puffs/040.jpg,cocoa_puffs
gs://quantum-ally-219323-vcm/cereal_photos/cocoa_puffs/041.jpg,cocoa_puffs
gs://quantum-ally-219323-vcm/cereal_photos/cocoa_puffs/042.jpg,cocoa_puffs
gs://quantum-ally-219323-vcm/cereal_photos/cocoa_puffs/043.jpg,cocoa_puffs
gs://quantum-ally-219323-vcm/cereal_photos/cocoa_puffs/044.jpg,cocoa_puffs
gs://quantum-ally-219323-vcm/cereal_photos/cocoa_puffs/045.jpg,cocoa_puffs
gs://quantum-ally-219323-vcm/cereal_photos/cocoa_puffs/046.jpg,cocoa_puffs
gs://quantum-ally-219323-vcm/cereal_photos/cocoa_puffs/047.jpg,cocoa_puffs
gs://quantum-ally-219323-vcm/cereal_photos/cocoa_puffs/048.jpg,cocoa_puffs
gs://quantum-ally-219323-vcm/cereal_photos/cocoa_puffs/049.jpg,cocoa_puffs
gs://quantum-ally-219323-vcm/cereal_photos/cocoa_puffs/050.jpg,cocoa_puffs
gs://quantum-ally-219323-vcm/cereal_photos/cocoa_puffs/051.jpg,cocoa_puffs
gs://quantum-ally-219323-vcm/cereal_photos/cocoa_puffs/052.jpg,cocoa_puffs
gs://quantum-ally-219323-vcm/cereal_photos/cocoa_puffs/053.jpg,cocoa_puffs
gs://quantum-ally-219323-vcm/cereal_photos/cocoa_puffs/054.jpg,cocoa_puffs
gs://quantum-ally-219323-vcm/cereal_photos/cocoa_puffs/055.jpg,cocoa_puffs
gs://quantum-ally-219323-vcm/cereal_photos/cocoa_puffs/056.jpg,cocoa_puffs
gs://quantum-ally-219323-vcm/cereal_photos/cocoa_puffs/057.jpg,cocoa_puffs
gs://quantum-ally-219323-vcm/cereal_photos/cocoa_puffs/058.jpg,cocoa_puffs
gs://quantum-ally-219323-vcm/cereal_photos/cocoa_puffs/059.jpg,cocoa_puffs
gs://quantum-ally-219323-vcm/cereal_photos/cocoa_puffs/060.jpg,cocoa_puffs
gs://quantum-ally-219323-vcm/cereal_photos/cocoa_puffs/061.jpg,cocoa_puffs
gs://quantum-ally-219323-vcm/cereal_photos/cocoa_puffs/062.jpg,cocoa_puffs
gs://quantum-ally-219323-vcm/cereal_photos/cocoa_puffs/063.jpg,cocoa_puffs
gs://quantum-ally-219323-vcm/cereal_photos/cocoa_puffs/064.jpg,cocoa_puffs
gs://quantum-ally-219323-vcm/cereal_photos/cocoa_puffs/065.jpg,cocoa_puffs
gs://quantum-ally-219323-vcm/cereal_photos/cocoa_puffs/066.jpg,cocoa_puffs
gs://quantum-ally-219323-vcm/cereal_photos/cocoa_puffs/067.jpg,cocoa_puffs
gs://quantum-ally-219323-vcm/cereal_photos/cocoa_puffs/068.jpg,cocoa_puffs
gs://quantum-ally-219323-vcm/cereal_photos/cocoa_puffs/069.jpg,cocoa_puffs
gs://quantum-ally-219323-vcm/cereal_photos/cocoa_puffs/070.jpg,cocoa_puffs
gs://quantum-ally-219323-vcm/cereal_photos/cocoa_puffs/071.jpg,cocoa_puffs
gs://quantum-ally-219323-vcm/cereal_photos/cocoa_puffs/072.jpg,cocoa_puffs
gs://quantum-ally-219323-vcm/cereal_photos/cocoa_puffs/073.jpg,cocoa_puffs
gs://quantum-ally-219323-vcm/cereal_photos/cocoa_puffs/074.jpg,cocoa_puffs
gs://quantum-ally-219323-vcm/cereal_photos/cocoa_puffs/075.jpg,cocoa_puffs
gs://quantum-ally-219323-vcm/cereal_photos/cocoa_puffs/076.jpg,cocoa_puffs
gs://quantum-ally-219323-vcm/cereal_photos/cocoa_puffs/077.jpg,cocoa_puffs
gs://quantum-ally-219323-vcm/cereal_photos/cocoa_puffs/078.jpg,cocoa_puffs
gs://quantum-ally-219323-vcm/cereal_photos/cocoa_puffs/079.jpg,cocoa_puffs
gs://quantum-ally-219323-vcm/cereal_photos/cocoa_puffs/080.jpg,cocoa_puffs
gs://quantum-ally-219323-vcm/cereal_photos/cocoa_puffs/081.jpg,cocoa_puffs
gs://quantum-ally-219323-vcm/cereal_photos/cocoa_puffs/082.jpg,cocoa_puffs
gs://quantum-ally-219323-vcm/cereal_photos/cocoa_puffs/083.jpg,cocoa_puffs
gs://quantum-ally-219323-vcm/cereal_photos/cocoa_puffs/084.jpg,cocoa_puffs
gs://quantum-ally-219323-vcm/cereal_photos/cocoa_puffs/2Q==(1).jpg,cocoa_puffs
gs://quantum-ally-219323-vcm/cereal_photos/cocoa_puffs/2Q==(2).jpg,cocoa_puffs
gs://quantum-ally-219323-vcm/cereal_photos/cocoa_puffs/2Q==(3).jpg,cocoa_puffs
gs://quantum-ally-219323-vcm/cereal_photos/cocoa_puffs/2Q==(4).jpg,cocoa_puffs
gs://quantum-ally-219323-vcm/cereal_photos/cocoa_puffs/2Q==(5).jpg,cocoa_puffs
gs://quantum-ally-219323-vcm/cereal_photos/cocoa_puffs/2Q==(6).jpg,cocoa_puffs
gs://quantum-ally-219323-vcm/cereal_photos/cocoa_puffs/2Q==.jpg,cocoa_puffs
gs://quantum-ally-219323-vcm/cereal_photos/cocoa_puffs/9k= (1).jpg,cocoa_puffs
gs://quantum-ally-219323-vcm/cereal_photos/cocoa_puffs/9k=.jpg,cocoa_puffs
gs://quantum-ally-219323-vcm/cereal_photos/cocoa_puffs/images(1).jpg,cocoa_puffs
gs://quantum-ally-219323-vcm/cereal_photos/cocoa_puffs/images(10).jpg,cocoa_puffs
gs://quantum-ally-219323-vcm/cereal_photos/cocoa_puffs/images(11).jpg,cocoa_puffs
gs://quantum-ally-219323-vcm/cereal_photos/cocoa_puffs/images(12).jpg,cocoa_puffs
gs://quantum-ally-219323-vcm/cereal_photos/cocoa_puffs/images(13).jpg,cocoa_puffs
gs://quantum-ally-219323-vcm/cereal_photos/cocoa_puffs/images(14).jpg,cocoa_puffs
gs://quantum-ally-219323-vcm/cereal_photos/cocoa_puffs/images(15).jpg,cocoa_puffs
gs://quantum-ally-219323-vcm/cereal_photos/cocoa_puffs/images(16).jpg,cocoa_puffs
gs://quantum-ally-219323-vcm/cereal_photos/cocoa_puffs/images(17).jpg,cocoa_puffs
gs://quantum-ally-219323-vcm/cereal_photos/cocoa_puffs/images(18).jpg,cocoa_puffs
gs://quantum-ally-219323-vcm/cereal_photos/cocoa_puffs/images(19).jpg,cocoa_puffs
gs://quantum-ally-219323-vcm/cereal_photos/cocoa_puffs/images(2).jpg,cocoa_puffs
gs://quantum-ally-219323-vcm/cereal_photos/cocoa_puffs/images(20).jpg,cocoa_puffs
gs://quantum-ally-219323-vcm/cereal_photos/cocoa_puffs/images(21).jpg,cocoa_puffs
gs://quantum-ally-219323-vcm/cereal_photos/cocoa_puffs/images(22).jpg,cocoa_puffs
gs://quantum-ally-219323-vcm/cereal_photos/cocoa_puffs/images(23).jpg,cocoa_puffs
gs://quantum-ally-219323-vcm/cereal_photos/cocoa_puffs/images(24).jpg,cocoa_puffs
gs://quantum-ally-219323-vcm/cereal_photos/cocoa_puffs/images(25).jpg,cocoa_puffs
gs://quantum-ally-219323-vcm/cereal_photos/cocoa_puffs/images(26).jpg,cocoa_puffs
gs://quantum-ally-219323-vcm/cereal_photos/cocoa_puffs/images(27).jpg,cocoa_puffs
gs://quantum-ally-219323-vcm/cereal_photos/cocoa_puffs/images(28).jpg,cocoa_puffs
gs://quantum-ally-219323-vcm/cereal_photos/cocoa_puffs/images(29).jpg,cocoa_puffs
gs://quantum-ally-219323-vcm/cereal_photos/cocoa_puffs/images(3).jpg,cocoa_puffs
gs://quantum-ally-219323-vcm/cereal_photos/cocoa_puffs/images(30).jpg,cocoa_puffs
gs://quantum-ally-219323-vcm/cereal_photos/cocoa_puffs/images(31).jpg,cocoa_puffs
gs://quantum-ally-219323-vcm/cereal_photos/cocoa_puffs/images(32).jpg,cocoa_puffs
gs://quantum-ally-219323-vcm/cereal_photos/cocoa_puffs/images(33).jpg,cocoa_puffs
gs://quantum-ally-219323-vcm/cereal_photos/cocoa_puffs/images(34).jpg,cocoa_puffs
gs://quantum-ally-219323-vcm/cereal_photos/cocoa_puffs/images(35).jpg,cocoa_puffs
gs://quantum-ally-219323-vcm/cereal_photos/cocoa_puffs/images(36).jpg,cocoa_puffs
gs://quantum-ally-219323-vcm/cereal_photos/cocoa_puffs/images(37).jpg,cocoa_puffs
gs://quantum-ally-219323-vcm/cereal_photos/cocoa_puffs/images(38).jpg,cocoa_puffs
gs://quantum-ally-219323-vcm/cereal_photos/cocoa_puffs/images(39).jpg,cocoa_puffs
gs://quantum-ally-219323-vcm/cereal_photos/cocoa_puffs/images(4).jpg,cocoa_puffs
gs://quantum-ally-219323-vcm/cereal_photos/cocoa_puffs/images(40).jpg,cocoa_puffs
gs://quantum-ally-219323-vcm/cereal_photos/cocoa_puffs/images(41).jpg,cocoa_puffs
gs://quantum-ally-219323-vcm/cereal_photos/cocoa_puffs/images(42).jpg,cocoa_puffs
gs://quantum-ally-219323-vcm/cereal_photos/cocoa_puffs/images(43).jpg,cocoa_puffs
gs://quantum-ally-219323-vcm/cereal_photos/cocoa_puffs/images(5).jpg,cocoa_puffs
gs://quantum-ally-219323-vcm/cereal_photos/cocoa_puffs/images(6).jpg,cocoa_puffs
gs://quantum-ally-219323-vcm/cereal_photos/cocoa_puffs/images(7).jpg,cocoa_puffs
gs://quantum-ally-219323-vcm/cereal_photos/cocoa_puffs/images(8).jpg,cocoa_puffs
gs://quantum-ally-219323-vcm/cereal_photos/cocoa_puffs/images(9).jpg,cocoa_puffs
gs://quantum-ally-219323-vcm/cereal_photos/cocoa_puffs/images.jpg,cocoa_puffs
gs://quantum-ally-219323-vcm/cereal_photos/cocoa_puffs/Z(1).jpg,cocoa_puffs
gs://quantum-ally-219323-vcm/cereal_photos/cocoa_puffs/Z(10).jpg,cocoa_puffs
gs://quantum-ally-219323-vcm/cereal_photos/cocoa_puffs/Z(2).jpg,cocoa_puffs
gs://quantum-ally-219323-vcm/cereal_photos/cocoa_puffs/Z(3).jpg,cocoa_puffs
gs://quantum-ally-219323-vcm/cereal_photos/cocoa_puffs/Z(4).jpg,cocoa_puffs
gs://quantum-ally-219323-vcm/cereal_photos/cocoa_puffs/Z(5).jpg,cocoa_puffs
gs://quantum-ally-219323-vcm/cereal_photos/cocoa_puffs/Z(6).jpg,cocoa_puffs
gs://quantum-ally-219323-vcm/cereal_photos/cocoa_puffs/Z(7).jpg,cocoa_puffs
gs://quantum-ally-219323-vcm/cereal_photos/cocoa_puffs/Z(8).jpg,cocoa_puffs
gs://quantum-ally-219323-vcm/cereal_photos/cocoa_puffs/Z(9).jpg,cocoa_puffs
gs://quantum-ally-219323-vcm/cereal_photos/cocoa_puffs/Z.jpg,cocoa_puffs
gs://quantum-ally-219323-vcm/cereal_photos/honeycomb/001.jpg,honeycomb
gs://quantum-ally-219323-vcm/cereal_photos/honeycomb/002.jpg,honeycomb
gs://quantum-ally-219323-vcm/cereal_photos/honeycomb/003.jpg,honeycomb
gs://quantum-ally-219323-vcm/cereal_photos/honeycomb/004.jpg,honeycomb
gs://quantum-ally-219323-vcm/cereal_photos/honeycomb/005.jpg,honeycomb
gs://quantum-ally-219323-vcm/cereal_photos/honeycomb/006.jpg,honeycomb
gs://quantum-ally-219323-vcm/cereal_photos/honeycomb/007.jpg,honeycomb
gs://quantum-ally-219323-vcm/cereal_photos/honeycomb/008.jpg,honeycomb
gs://quantum-ally-219323-vcm/cereal_photos/honeycomb/009.jpg,honeycomb
gs://quantum-ally-219323-vcm/cereal_photos/honeycomb/010.jpg,honeycomb
gs://quantum-ally-219323-vcm/cereal_photos/honeycomb/011.jpg,honeycomb
gs://quantum-ally-219323-vcm/cereal_photos/honeycomb/012.jpg,honeycomb
gs://quantum-ally-219323-vcm/cereal_photos/honeycomb/013.jpg,honeycomb
gs://quantum-ally-219323-vcm/cereal_photos/honeycomb/014.jpg,honeycomb
gs://quantum-ally-219323-vcm/cereal_photos/honeycomb/015.jpg,honeycomb
gs://quantum-ally-219323-vcm/cereal_photos/honeycomb/016.jpg,honeycomb
gs://quantum-ally-219323-vcm/cereal_photos/honeycomb/017.jpg,honeycomb
gs://quantum-ally-219323-vcm/cereal_photos/honeycomb/018.jpg,honeycomb
gs://quantum-ally-219323-vcm/cereal_photos/honeycomb/019.jpg,honeycomb
gs://quantum-ally-219323-vcm/cereal_photos/honeycomb/020.jpg,honeycomb
gs://quantum-ally-219323-vcm/cereal_photos/honeycomb/021.jpg,honeycomb
gs://quantum-ally-219323-vcm/cereal_photos/honeycomb/022.jpg,honeycomb
gs://quantum-ally-219323-vcm/cereal_photos/honeycomb/023.jpg,honeycomb
gs://quantum-ally-219323-vcm/cereal_photos/honeycomb/024.jpg,honeycomb
gs://quantum-ally-219323-vcm/cereal_photos/honeycomb/025.jpg,honeycomb
gs://quantum-ally-219323-vcm/cereal_photos/honeycomb/026.jpg,honeycomb
gs://quantum-ally-219323-vcm/cereal_photos/honeycomb/027.jpg,honeycomb
gs://quantum-ally-219323-vcm/cereal_photos/honeycomb/028.jpg,honeycomb
gs://quantum-ally-219323-vcm/cereal_photos/honeycomb/029.jpg,honeycomb
gs://quantum-ally-219323-vcm/cereal_photos/honeycomb/030.jpg,honeycomb
gs://quantum-ally-219323-vcm/cereal_photos/honeycomb/031.jpg,honeycomb
gs://quantum-ally-219323-vcm/cereal_photos/honeycomb/032.jpg,honeycomb
gs://quantum-ally-219323-vcm/cereal_photos/honeycomb/033.jpg,honeycomb
gs://quantum-ally-219323-vcm/cereal_photos/honeycomb/034.jpg,honeycomb
gs://quantum-ally-219323-vcm/cereal_photos/honeycomb/035.jpg,honeycomb
gs://quantum-ally-219323-vcm/cereal_photos/honeycomb/036.jpg,honeycomb
gs://quantum-ally-219323-vcm/cereal_photos/honeycomb/037.jpg,honeycomb
gs://quantum-ally-219323-vcm/cereal_photos/honeycomb/038.jpg,honeycomb
gs://quantum-ally-219323-vcm/cereal_photos/honeycomb/039.jpg,honeycomb
gs://quantum-ally-219323-vcm/cereal_photos/honeycomb/040.jpg,honeycomb
gs://quantum-ally-219323-vcm/cereal_photos/honeycomb/041.jpg,honeycomb
gs://quantum-ally-219323-vcm/cereal_photos/honeycomb/042.jpg,honeycomb
gs://quantum-ally-219323-vcm/cereal_photos/honeycomb/043.jpg,honeycomb
gs://quantum-ally-219323-vcm/cereal_photos/honeycomb/044.jpg,honeycomb
gs://quantum-ally-219323-vcm/cereal_photos/honeycomb/045.jpg,honeycomb
gs://quantum-ally-219323-vcm/cereal_photos/honeycomb/046.jpg,honeycomb
gs://quantum-ally-219323-vcm/cereal_photos/honeycomb/047.jpg,honeycomb
gs://quantum-ally-219323-vcm/cereal_photos/honeycomb/048.jpg,honeycomb
gs://quantum-ally-219323-vcm/cereal_photos/honeycomb/049.jpg,honeycomb
gs://quantum-ally-219323-vcm/cereal_photos/honeycomb/050.jpg,honeycomb
gs://quantum-ally-219323-vcm/cereal_photos/honeycomb/051.jpg,honeycomb
gs://quantum-ally-219323-vcm/cereal_photos/honeycomb/052.jpg,honeycomb
gs://quantum-ally-219323-vcm/cereal_photos/honeycomb/053.jpg,honeycomb
gs://quantum-ally-219323-vcm/cereal_photos/honeycomb/054.jpg,honeycomb
gs://quantum-ally-219323-vcm/cereal_photos/honeycomb/055.jpg,honeycomb
gs://quantum-ally-219323-vcm/cereal_photos/honeycomb/056.jpg,honeycomb
gs://quantum-ally-219323-vcm/cereal_photos/honeycomb/057.jpg,honeycomb
gs://quantum-ally-219323-vcm/cereal_photos/honeycomb/058.jpg,honeycomb
gs://quantum-ally-219323-vcm/cereal_photos/honeycomb/059.jpg,honeycomb
gs://quantum-ally-219323-vcm/cereal_photos/honeycomb/060.jpg,honeycomb
gs://quantum-ally-219323-vcm/cereal_photos/honeycomb/061.jpg,honeycomb
gs://quantum-ally-219323-vcm/cereal_photos/honeycomb/062.jpg,honeycomb
gs://quantum-ally-219323-vcm/cereal_photos/honeycomb/063.jpg,honeycomb
gs://quantum-ally-219323-vcm/cereal_photos/honeycomb/064.jpg,honeycomb
gs://quantum-ally-219323-vcm/cereal_photos/honeycomb/065.jpg,honeycomb
gs://quantum-ally-219323-vcm/cereal_photos/honeycomb/066.jpg,honeycomb
gs://quantum-ally-219323-vcm/cereal_photos/honeycomb/067.jpg,honeycomb
gs://quantum-ally-219323-vcm/cereal_photos/honeycomb/068.jpg,honeycomb
gs://quantum-ally-219323-vcm/cereal_photos/honeycomb/069.jpg,honeycomb
gs://quantum-ally-219323-vcm/cereal_photos/honeycomb/070.jpg,honeycomb
gs://quantum-ally-219323-vcm/cereal_photos/honeycomb/071.jpg,honeycomb
gs://quantum-ally-219323-vcm/cereal_photos/honeycomb/072.jpg,honeycomb
gs://quantum-ally-219323-vcm/cereal_photos/honeycomb/073.jpg,honeycomb
gs://quantum-ally-219323-vcm/cereal_photos/honeycomb/074.jpg,honeycomb
gs://quantum-ally-219323-vcm/cereal_photos/honeycomb/075.jpg,honeycomb
gs://quantum-ally-219323-vcm/cereal_photos/honeycomb/076.jpg,honeycomb
gs://quantum-ally-219323-vcm/cereal_photos/honeycomb/077.jpg,honeycomb
gs://quantum-ally-219323-vcm/cereal_photos/honeycomb/078.jpg,honeycomb
gs://quantum-ally-219323-vcm/cereal_photos/honeycomb/079.jpg,honeycomb
gs://quantum-ally-219323-vcm/cereal_photos/honeycomb/080.jpg,honeycomb
gs://quantum-ally-219323-vcm/cereal_photos/honeycomb/081.jpg,honeycomb
gs://quantum-ally-219323-vcm/cereal_photos/honeycomb/082.jpg,honeycomb
gs://quantum-ally-219323-vcm/cereal_photos/honeycomb/083.jpg,honeycomb
gs://quantum-ally-219323-vcm/cereal_photos/honeycomb/084.jpg,honeycomb
gs://quantum-ally-219323-vcm/cereal_photos/honeycomb/085.jpg,honeycomb
gs://quantum-ally-219323-vcm/cereal_photos/honeycomb/086.jpg,honeycomb
gs://quantum-ally-219323-vcm/cereal_photos/honeycomb/087.jpg,honeycomb
gs://quantum-ally-219323-vcm/cereal_photos/honeycomb/088.jpg,honeycomb
gs://quantum-ally-219323-vcm/cereal_photos/honeycomb/089.jpg,honeycomb
gs://quantum-ally-219323-vcm/cereal_photos/honeycomb/090.jpg,honeycomb
gs://quantum-ally-219323-vcm/cereal_photos/honeycomb/091.jpg,honeycomb
gs://quantum-ally-219323-vcm/cereal_photos/honeycomb/092.jpg,honeycomb
gs://quantum-ally-219323-vcm/cereal_photos/honeycomb/093.jpg,honeycomb
gs://quantum-ally-219323-vcm/cereal_photos/honeycomb/094.jpg,honeycomb
gs://quantum-ally-219323-vcm/cereal_photos/honeycomb/095.jpg,honeycomb
gs://quantum-ally-219323-vcm/cereal_photos/honeycomb/096.jpg,honeycomb
gs://quantum-ally-219323-vcm/cereal_photos/honeycomb/097.jpg,honeycomb
gs://quantum-ally-219323-vcm/cereal_photos/honeycomb/098.jpg,honeycomb
gs://quantum-ally-219323-vcm/cereal_photos/honeycomb/099.jpg,honeycomb
gs://quantum-ally-219323-vcm/cereal_photos/honeycomb/100.jpg,honeycomb
gs://quantum-ally-219323-vcm/cereal_photos/honeycomb/101.jpg,honeycomb
gs://quantum-ally-219323-vcm/cereal_photos/honeycomb/102.jpg,honeycomb
gs://quantum-ally-219323-vcm/cereal_photos/honeycomb/103.jpg,honeycomb
gs://quantum-ally-219323-vcm/cereal_photos/honeycomb/104.jpg,honeycomb
gs://quantum-ally-219323-vcm/cereal_photos/honeycomb/105.jpg,honeycomb
gs://quantum-ally-219323-vcm/cereal_photos/honeycomb/106.jpg,honeycomb
gs://quantum-ally-219323-vcm/cereal_photos/honeycomb/107.jpg,honeycomb
gs://quantum-ally-219323-vcm/cereal_photos/honeycomb/108.jpg,honeycomb
gs://quantum-ally-219323-vcm/cereal_photos/honeycomb/109.jpg,honeycomb
gs://quantum-ally-219323-vcm/cereal_photos/honeycomb/110.jpg,honeycomb
gs://quantum-ally-219323-vcm/cereal_photos/honeycomb/111.jpg,honeycomb
gs://quantum-ally-219323-vcm/cereal_photos/kelloggs_all_bran/001.jpg,kelloggs_all_bran
gs://quantum-ally-219323-vcm/cereal_photos/kelloggs_all_bran/002.jpg,kelloggs_all_bran
gs://quantum-ally-219323-vcm/cereal_photos/kelloggs_all_bran/003.jpg,kelloggs_all_bran
gs://quantum-ally-219323-vcm/cereal_photos/kelloggs_all_bran/004.jpg,kelloggs_all_bran
gs://quantum-ally-219323-vcm/cereal_photos/kelloggs_all_bran/005.jpg,kelloggs_all_bran
gs://quantum-ally-219323-vcm/cereal_photos/kelloggs_all_bran/006.jpg,kelloggs_all_bran
gs://quantum-ally-219323-vcm/cereal_photos/kelloggs_all_bran/007.jpg,kelloggs_all_bran
gs://quantum-ally-219323-vcm/cereal_photos/kelloggs_all_bran/008.jpg,kelloggs_all_bran
gs://quantum-ally-219323-vcm/cereal_photos/kelloggs_all_bran/009.jpg,kelloggs_all_bran
gs://quantum-ally-219323-vcm/cereal_photos/kelloggs_all_bran/010.jpg,kelloggs_all_bran
gs://quantum-ally-219323-vcm/cereal_photos/kelloggs_all_bran/011.jpg,kelloggs_all_bran
gs://quantum-ally-219323-vcm/cereal_photos/kelloggs_all_bran/012.jpg,kelloggs_all_bran
gs://quantum-ally-219323-vcm/cereal_photos/kelloggs_all_bran/013.jpg,kelloggs_all_bran
gs://quantum-ally-219323-vcm/cereal_photos/kelloggs_all_bran/014.jpg,kelloggs_all_bran
gs://quantum-ally-219323-vcm/cereal_photos/kelloggs_all_bran/015.jpg,kelloggs_all_bran
gs://quantum-ally-219323-vcm/cereal_photos/kelloggs_all_bran/016.jpg,kelloggs_all_bran
gs://quantum-ally-219323-vcm/cereal_photos/kelloggs_all_bran/017.jpg,kelloggs_all_bran
gs://quantum-ally-219323-vcm/cereal_photos/kelloggs_all_bran/018.jpg,kelloggs_all_bran
gs://quantum-ally-219323-vcm/cereal_photos/kelloggs_all_bran/019.jpg,kelloggs_all_bran
gs://quantum-ally-219323-vcm/cereal_photos/kelloggs_all_bran/020.jpg,kelloggs_all_bran
gs://quantum-ally-219323-vcm/cereal_photos/kelloggs_all_bran/021.jpg,kelloggs_all_bran
gs://quantum-ally-219323-vcm/cereal_photos/kelloggs_all_bran/022.jpg,kelloggs_all_bran
gs://quantum-ally-219323-vcm/cereal_photos/kelloggs_all_bran/023.jpg,kelloggs_all_bran
gs://quantum-ally-219323-vcm/cereal_photos/kelloggs_all_bran/024.jpg,kelloggs_all_bran
gs://quantum-ally-219323-vcm/cereal_photos/kelloggs_all_bran/025.jpg,kelloggs_all_bran
gs://quantum-ally-219323-vcm/cereal_photos/kelloggs_all_bran/026.jpg,kelloggs_all_bran
gs://quantum-ally-219323-vcm/cereal_photos/kelloggs_all_bran/027.jpg,kelloggs_all_bran
gs://quantum-ally-219323-vcm/cereal_photos/kelloggs_all_bran/028.jpg,kelloggs_all_bran
gs://quantum-ally-219323-vcm/cereal_photos/kelloggs_all_bran/029.jpg,kelloggs_all_bran
gs://quantum-ally-219323-vcm/cereal_photos/kelloggs_all_bran/030.jpg,kelloggs_all_bran
gs://quantum-ally-219323-vcm/cereal_photos/kelloggs_all_bran/031.jpg,kelloggs_all_bran
gs://quantum-ally-219323-vcm/cereal_photos/kelloggs_all_bran/032.jpg,kelloggs_all_bran
gs://quantum-ally-219323-vcm/cereal_photos/kelloggs_all_bran/033.jpg,kelloggs_all_bran
gs://quantum-ally-219323-vcm/cereal_photos/kelloggs_all_bran/034.jpg,kelloggs_all_bran
gs://quantum-ally-219323-vcm/cereal_photos/kelloggs_all_bran/035.jpg,kelloggs_all_bran
gs://quantum-ally-219323-vcm/cereal_photos/kelloggs_all_bran/036.jpg,kelloggs_all_bran
gs://quantum-ally-219323-vcm/cereal_photos/kelloggs_all_bran/037.jpg,kelloggs_all_bran
gs://quantum-ally-219323-vcm/cereal_photos/kelloggs_all_bran/038.jpg,kelloggs_all_bran
gs://quantum-ally-219323-vcm/cereal_photos/kelloggs_all_bran/039.jpg,kelloggs_all_bran
gs://quantum-ally-219323-vcm/cereal_photos/kelloggs_all_bran/040.jpg,kelloggs_all_bran
gs://quantum-ally-219323-vcm/cereal_photos/kelloggs_all_bran/041.jpg,kelloggs_all_bran
gs://quantum-ally-219323-vcm/cereal_photos/kelloggs_all_bran/042.jpg,kelloggs_all_bran
gs://quantum-ally-219323-vcm/cereal_photos/kelloggs_all_bran/043.jpg,kelloggs_all_bran
gs://quantum-ally-219323-vcm/cereal_photos/kelloggs_all_bran/044.jpg,kelloggs_all_bran
gs://quantum-ally-219323-vcm/cereal_photos/kelloggs_all_bran/045.jpg,kelloggs_all_bran
gs://quantum-ally-219323-vcm/cereal_photos/kelloggs_all_bran/046.jpg,kelloggs_all_bran
gs://quantum-ally-219323-vcm/cereal_photos/kelloggs_all_bran/047.jpg,kelloggs_all_bran
gs://quantum-ally-219323-vcm/cereal_photos/kelloggs_all_bran/048.jpg,kelloggs_all_bran
gs://quantum-ally-219323-vcm/cereal_photos/kelloggs_all_bran/049.jpg,kelloggs_all_bran
gs://quantum-ally-219323-vcm/cereal_photos/kelloggs_all_bran/050.jpg,kelloggs_all_bran
gs://quantum-ally-219323-vcm/cereal_photos/kelloggs_all_bran/051.jpg,kelloggs_all_bran
gs://quantum-ally-219323-vcm/cereal_photos/kelloggs_all_bran/052.jpg,kelloggs_all_bran
gs://quantum-ally-219323-vcm/cereal_photos/kelloggs_all_bran/053.jpg,kelloggs_all_bran
gs://quantum-ally-219323-vcm/cereal_photos/kelloggs_all_bran/054.jpg,kelloggs_all_bran
gs://quantum-ally-219323-vcm/cereal_photos/kelloggs_all_bran/055.jpg,kelloggs_all_bran
gs://quantum-ally-219323-vcm/cereal_photos/kelloggs_all_bran/056.jpg,kelloggs_all_bran
gs://quantum-ally-219323-vcm/cereal_photos/kelloggs_all_bran/057.jpg,kelloggs_all_bran
gs://quantum-ally-219323-vcm/cereal_photos/kelloggs_all_bran/058.jpg,kelloggs_all_bran
gs://quantum-ally-219323-vcm/cereal_photos/kelloggs_all_bran/059.jpg,kelloggs_all_bran
gs://quantum-ally-219323-vcm/cereal_photos/kelloggs_all_bran/060.jpg,kelloggs_all_bran
gs://quantum-ally-219323-vcm/cereal_photos/kelloggs_all_bran/061.jpg,kelloggs_all_bran
gs://quantum-ally-219323-vcm/cereal_photos/kelloggs_all_bran/062.jpg,kelloggs_all_bran
gs://quantum-ally-219323-vcm/cereal_photos/kelloggs_all_bran/063.jpg,kelloggs_all_bran
gs://quantum-ally-219323-vcm/cereal_photos/kelloggs_all_bran/064.jpg,kelloggs_all_bran
gs://quantum-ally-219323-vcm/cereal_photos/kelloggs_all_bran/065.jpg,kelloggs_all_bran
gs://quantum-ally-219323-vcm/cereal_photos/kelloggs_all_bran/066.jpg,kelloggs_all_bran
gs://quantum-ally-219323-vcm/cereal_photos/kelloggs_all_bran/067.jpg,kelloggs_all_bran
gs://quantum-ally-219323-vcm/cereal_photos/kelloggs_all_bran/068.jpg,kelloggs_all_bran
gs://quantum-ally-219323-vcm/cereal_photos/kelloggs_all_bran/069.jpg,kelloggs_all_bran
gs://quantum-ally-219323-vcm/cereal_photos/kelloggs_all_bran/070.jpg,kelloggs_all_bran
gs://quantum-ally-219323-vcm/cereal_photos/kelloggs_all_bran/071.jpg,kelloggs_all_bran
gs://quantum-ally-219323-vcm/cereal_photos/kelloggs_all_bran/072.jpg,kelloggs_all_bran
gs://quantum-ally-219323-vcm/cereal_photos/kelloggs_corn_pops/001.jpg,kelloggs_corn_pops
gs://quantum-ally-219323-vcm/cereal_photos/kelloggs_corn_pops/002.jpg,kelloggs_corn_pops
gs://quantum-ally-219323-vcm/cereal_photos/kelloggs_corn_pops/003.jpg,kelloggs_corn_pops
gs://quantum-ally-219323-vcm/cereal_photos/kelloggs_corn_pops/004.jpg,kelloggs_corn_pops
gs://quantum-ally-219323-vcm/cereal_photos/kelloggs_corn_pops/005.jpg,kelloggs_corn_pops
gs://quantum-ally-219323-vcm/cereal_photos/kelloggs_corn_pops/006.jpg,kelloggs_corn_pops
gs://quantum-ally-219323-vcm/cereal_photos/kelloggs_corn_pops/007.jpg,kelloggs_corn_pops
gs://quantum-ally-219323-vcm/cereal_photos/kelloggs_corn_pops/008.jpg,kelloggs_corn_pops
gs://quantum-ally-219323-vcm/cereal_photos/kelloggs_corn_pops/009.jpg,kelloggs_corn_pops
gs://quantum-ally-219323-vcm/cereal_photos/kelloggs_corn_pops/010.jpg,kelloggs_corn_pops
gs://quantum-ally-219323-vcm/cereal_photos/kelloggs_corn_pops/011.jpg,kelloggs_corn_pops
gs://quantum-ally-219323-vcm/cereal_photos/kelloggs_corn_pops/012.jpg,kelloggs_corn_pops
gs://quantum-ally-219323-vcm/cereal_photos/kelloggs_corn_pops/013.jpg,kelloggs_corn_pops
gs://quantum-ally-219323-vcm/cereal_photos/kelloggs_corn_pops/014.jpg,kelloggs_corn_pops
gs://quantum-ally-219323-vcm/cereal_photos/kelloggs_corn_pops/015.jpg,kelloggs_corn_pops
gs://quantum-ally-219323-vcm/cereal_photos/kelloggs_corn_pops/016.jpg,kelloggs_corn_pops
gs://quantum-ally-219323-vcm/cereal_photos/kelloggs_corn_pops/017.jpg,kelloggs_corn_pops
gs://quantum-ally-219323-vcm/cereal_photos/kelloggs_corn_pops/018.jpg,kelloggs_corn_pops
gs://quantum-ally-219323-vcm/cereal_photos/kelloggs_corn_pops/019.jpg,kelloggs_corn_pops
gs://quantum-ally-219323-vcm/cereal_photos/kelloggs_corn_pops/020.jpg,kelloggs_corn_pops
gs://quantum-ally-219323-vcm/cereal_photos/kelloggs_corn_pops/021.jpg,kelloggs_corn_pops
gs://quantum-ally-219323-vcm/cereal_photos/kelloggs_corn_pops/022.jpg,kelloggs_corn_pops
gs://quantum-ally-219323-vcm/cereal_photos/kelloggs_corn_pops/023.jpg,kelloggs_corn_pops
gs://quantum-ally-219323-vcm/cereal_photos/kelloggs_corn_pops/024.jpg,kelloggs_corn_pops
gs://quantum-ally-219323-vcm/cereal_photos/kelloggs_corn_pops/025.jpg,kelloggs_corn_pops
gs://quantum-ally-219323-vcm/cereal_photos/kelloggs_corn_pops/026.jpg,kelloggs_corn_pops
gs://quantum-ally-219323-vcm/cereal_photos/kelloggs_corn_pops/027.jpg,kelloggs_corn_pops
gs://quantum-ally-219323-vcm/cereal_photos/kelloggs_corn_pops/028.jpg,kelloggs_corn_pops
gs://quantum-ally-219323-vcm/cereal_photos/kelloggs_corn_pops/029.jpg,kelloggs_corn_pops
gs://quantum-ally-219323-vcm/cereal_photos/kelloggs_corn_pops/030.jpg,kelloggs_corn_pops
gs://quantum-ally-219323-vcm/cereal_photos/kelloggs_corn_pops/031.jpg,kelloggs_corn_pops
gs://quantum-ally-219323-vcm/cereal_photos/kelloggs_corn_pops/032.jpg,kelloggs_corn_pops
gs://quantum-ally-219323-vcm/cereal_photos/kelloggs_corn_pops/033.jpg,kelloggs_corn_pops
gs://quantum-ally-219323-vcm/cereal_photos/kelloggs_corn_pops/034.jpg,kelloggs_corn_pops
gs://quantum-ally-219323-vcm/cereal_photos/kelloggs_corn_pops/035.jpg,kelloggs_corn_pops
gs://quantum-ally-219323-vcm/cereal_photos/kelloggs_corn_pops/036.jpg,kelloggs_corn_pops
gs://quantum-ally-219323-vcm/cereal_photos/kelloggs_corn_pops/037.jpg,kelloggs_corn_pops
gs://quantum-ally-219323-vcm/cereal_photos/kelloggs_corn_pops/038.jpg,kelloggs_corn_pops
gs://quantum-ally-219323-vcm/cereal_photos/kelloggs_corn_pops/039.jpg,kelloggs_corn_pops
gs://quantum-ally-219323-vcm/cereal_photos/kelloggs_corn_pops/040.jpg,kelloggs_corn_pops
gs://quantum-ally-219323-vcm/cereal_photos/kelloggs_corn_pops/041.jpg,kelloggs_corn_pops
gs://quantum-ally-219323-vcm/cereal_photos/kelloggs_corn_pops/042.jpg,kelloggs_corn_pops
gs://quantum-ally-219323-vcm/cereal_photos/kelloggs_corn_pops/043.jpg,kelloggs_corn_pops
gs://quantum-ally-219323-vcm/cereal_photos/kelloggs_corn_pops/044.jpg,kelloggs_corn_pops
gs://quantum-ally-219323-vcm/cereal_photos/kelloggs_corn_pops/045.jpg,kelloggs_corn_pops
gs://quantum-ally-219323-vcm/cereal_photos/kelloggs_corn_pops/046.jpg,kelloggs_corn_pops
gs://quantum-ally-219323-vcm/cereal_photos/kelloggs_corn_pops/047.jpg,kelloggs_corn_pops
gs://quantum-ally-219323-vcm/cereal_photos/kelloggs_corn_pops/048.jpg,kelloggs_corn_pops
gs://quantum-ally-219323-vcm/cereal_photos/kelloggs_corn_pops/049.jpg,kelloggs_corn_pops
gs://quantum-ally-219323-vcm/cereal_photos/kelloggs_corn_pops/050.jpg,kelloggs_corn_pops
gs://quantum-ally-219323-vcm/cereal_photos/kelloggs_corn_pops/051.jpg,kelloggs_corn_pops
gs://quantum-ally-219323-vcm/cereal_photos/kelloggs_corn_pops/052.jpg,kelloggs_corn_pops
gs://quantum-ally-219323-vcm/cereal_photos/kelloggs_corn_pops/053.jpg,kelloggs_corn_pops
gs://quantum-ally-219323-vcm/cereal_photos/kelloggs_corn_pops/054.jpg,kelloggs_corn_pops
gs://quantum-ally-219323-vcm/cereal_photos/kelloggs_corn_pops/055.jpg,kelloggs_corn_pops
gs://quantum-ally-219323-vcm/cereal_photos/kelloggs_corn_pops/056.jpg,kelloggs_corn_pops
gs://quantum-ally-219323-vcm/cereal_photos/kelloggs_corn_pops/057.jpg,kelloggs_corn_pops
gs://quantum-ally-219323-vcm/cereal_photos/kelloggs_corn_pops/058.jpg,kelloggs_corn_pops
gs://quantum-ally-219323-vcm/cereal_photos/kelloggs_corn_pops/059.jpg,kelloggs_corn_pops
gs://quantum-ally-219323-vcm/cereal_photos/kelloggs_corn_pops/060.jpg,kelloggs_corn_pops
gs://quantum-ally-219323-vcm/cereal_photos/kelloggs_corn_pops/061.jpg,kelloggs_corn_pops
gs://quantum-ally-219323-vcm/cereal_photos/kelloggs_corn_pops/062.jpg,kelloggs_corn_pops
gs://quantum-ally-219323-vcm/cereal_photos/kelloggs_corn_pops/063.jpg,kelloggs_corn_pops
gs://quantum-ally-219323-vcm/cereal_photos/kelloggs_corn_pops/064.jpg,kelloggs_corn_pops
gs://quantum-ally-219323-vcm/cereal_photos/kelloggs_corn_pops/065.jpg,kelloggs_corn_pops
gs://quantum-ally-219323-vcm/cereal_photos/kelloggs_corn_pops/066.jpg,kelloggs_corn_pops
gs://quantum-ally-219323-vcm/cereal_photos/kelloggs_corn_pops/067.jpg,kelloggs_corn_pops
gs://quantum-ally-219323-vcm/cereal_photos/kelloggs_corn_pops/068.jpg,kelloggs_corn_pops
gs://quantum-ally-219323-vcm/cereal_photos/kelloggs_corn_pops/069.jpg,kelloggs_corn_pops
gs://quantum-ally-219323-vcm/cereal_photos/kelloggs_corn_pops/070.jpg,kelloggs_corn_pops
gs://quantum-ally-219323-vcm/cereal_photos/kelloggs_corn_pops/071.jpg,kelloggs_corn_pops
gs://quantum-ally-219323-vcm/cereal_photos/kelloggs_corn_pops/072.jpg,kelloggs_corn_pops
gs://quantum-ally-219323-vcm/cereal_photos/kelloggs_corn_pops/073.jpg,kelloggs_corn_pops
gs://quantum-ally-219323-vcm/cereal_photos/kelloggs_corn_pops/074.jpg,kelloggs_corn_pops
gs://quantum-ally-219323-vcm/cereal_photos/kelloggs_corn_pops/075.jpg,kelloggs_corn_pops
gs://quantum-ally-219323-vcm/cereal_photos/kelloggs_corn_pops/076.jpg,kelloggs_corn_pops
gs://quantum-ally-219323-vcm/cereal_photos/kelloggs_corn_pops/077.jpg,kelloggs_corn_pops
gs://quantum-ally-219323-vcm/cereal_photos/kelloggs_corn_pops/078.jpg,kelloggs_corn_pops
gs://quantum-ally-219323-vcm/cereal_photos/kelloggs_corn_pops/079.jpg,kelloggs_corn_pops
gs://quantum-ally-219323-vcm/cereal_photos/kelloggs_corn_pops/080.jpg,kelloggs_corn_pops
gs://quantum-ally-219323-vcm/cereal_photos/kelloggs_corn_pops/081.jpg,kelloggs_corn_pops
gs://quantum-ally-219323-vcm/cereal_photos/kelloggs_corn_pops/082.jpg,kelloggs_corn_pops
gs://quantum-ally-219323-vcm/cereal_photos/kelloggs_corn_pops/083.jpg,kelloggs_corn_pops
gs://quantum-ally-219323-vcm/cereal_photos/kelloggs_frosted_flakes/001.jpg,kelloggs_frosted_flakes
gs://quantum-ally-219323-vcm/cereal_photos/kelloggs_frosted_flakes/002.jpg,kelloggs_frosted_flakes
gs://quantum-ally-219323-vcm/cereal_photos/kelloggs_frosted_flakes/003.jpg,kelloggs_frosted_flakes
gs://quantum-ally-219323-vcm/cereal_photos/kelloggs_frosted_flakes/004.jpg,kelloggs_frosted_flakes
gs://quantum-ally-219323-vcm/cereal_photos/kelloggs_frosted_flakes/005.jpg,kelloggs_frosted_flakes
gs://quantum-ally-219323-vcm/cereal_photos/kelloggs_frosted_flakes/006.jpg,kelloggs_frosted_flakes
gs://quantum-ally-219323-vcm/cereal_photos/kelloggs_frosted_flakes/007.jpg,kelloggs_frosted_flakes
gs://quantum-ally-219323-vcm/cereal_photos/kelloggs_frosted_flakes/008.jpg,kelloggs_frosted_flakes
gs://quantum-ally-219323-vcm/cereal_photos/kelloggs_frosted_flakes/009.jpg,kelloggs_frosted_flakes
gs://quantum-ally-219323-vcm/cereal_photos/kelloggs_frosted_flakes/010.jpg,kelloggs_frosted_flakes
gs://quantum-ally-219323-vcm/cereal_photos/kelloggs_frosted_flakes/011.jpg,kelloggs_frosted_flakes
gs://quantum-ally-219323-vcm/cereal_photos/kelloggs_frosted_flakes/012.jpg,kelloggs_frosted_flakes
gs://quantum-ally-219323-vcm/cereal_photos/kelloggs_frosted_flakes/013.jpg,kelloggs_frosted_flakes
gs://quantum-ally-219323-vcm/cereal_photos/kelloggs_frosted_flakes/014.jpg,kelloggs_frosted_flakes
gs://quantum-ally-219323-vcm/cereal_photos/kelloggs_frosted_flakes/015.jpg,kelloggs_frosted_flakes
gs://quantum-ally-219323-vcm/cereal_photos/kelloggs_frosted_flakes/016.jpg,kelloggs_frosted_flakes
gs://quantum-ally-219323-vcm/cereal_photos/kelloggs_frosted_flakes/017.jpg,kelloggs_frosted_flakes
gs://quantum-ally-219323-vcm/cereal_photos/kelloggs_frosted_flakes/018.jpg,kelloggs_frosted_flakes
gs://quantum-ally-219323-vcm/cereal_photos/kelloggs_frosted_flakes/019.jpg,kelloggs_frosted_flakes
gs://quantum-ally-219323-vcm/cereal_photos/kelloggs_frosted_flakes/020.jpg,kelloggs_frosted_flakes
gs://quantum-ally-219323-vcm/cereal_photos/kelloggs_frosted_flakes/021.jpg,kelloggs_frosted_flakes
gs://quantum-ally-219323-vcm/cereal_photos/kelloggs_frosted_flakes/022.jpg,kelloggs_frosted_flakes
gs://quantum-ally-219323-vcm/cereal_photos/kelloggs_frosted_flakes/023.jpg,kelloggs_frosted_flakes
gs://quantum-ally-219323-vcm/cereal_photos/kelloggs_frosted_flakes/024.jpg,kelloggs_frosted_flakes
gs://quantum-ally-219323-vcm/cereal_photos/kelloggs_frosted_flakes/025.jpg,kelloggs_frosted_flakes
gs://quantum-ally-219323-vcm/cereal_photos/kelloggs_frosted_flakes/026.jpg,kelloggs_frosted_flakes
gs://quantum-ally-219323-vcm/cereal_photos/kelloggs_frosted_flakes/027.jpg,kelloggs_frosted_flakes
gs://quantum-ally-219323-vcm/cereal_photos/kelloggs_frosted_flakes/028.jpg,kelloggs_frosted_flakes
gs://quantum-ally-219323-vcm/cereal_photos/kelloggs_frosted_flakes/029.jpg,kelloggs_frosted_flakes
gs://quantum-ally-219323-vcm/cereal_photos/kelloggs_frosted_flakes/030.jpg,kelloggs_frosted_flakes
gs://quantum-ally-219323-vcm/cereal_photos/kelloggs_frosted_flakes/031.jpg,kelloggs_frosted_flakes
gs://quantum-ally-219323-vcm/cereal_photos/kelloggs_frosted_flakes/032.jpg,kelloggs_frosted_flakes
gs://quantum-ally-219323-vcm/cereal_photos/kelloggs_frosted_flakes/033.jpg,kelloggs_frosted_flakes
gs://quantum-ally-219323-vcm/cereal_photos/kelloggs_frosted_flakes/034.jpg,kelloggs_frosted_flakes
gs://quantum-ally-219323-vcm/cereal_photos/kelloggs_frosted_flakes/035.jpg,kelloggs_frosted_flakes
gs://quantum-ally-219323-vcm/cereal_photos/kelloggs_frosted_flakes/036.jpg,kelloggs_frosted_flakes
gs://quantum-ally-219323-vcm/cereal_photos/kelloggs_frosted_flakes/037.jpg,kelloggs_frosted_flakes
gs://quantum-ally-219323-vcm/cereal_photos/kelloggs_frosted_flakes/038.jpg,kelloggs_frosted_flakes
gs://quantum-ally-219323-vcm/cereal_photos/kelloggs_frosted_flakes/039.jpg,kelloggs_frosted_flakes
gs://quantum-ally-219323-vcm/cereal_photos/kelloggs_frosted_flakes/040.jpg,kelloggs_frosted_flakes
gs://quantum-ally-219323-vcm/cereal_photos/kelloggs_frosted_flakes/041.jpg,kelloggs_frosted_flakes
gs://quantum-ally-219323-vcm/cereal_photos/kelloggs_frosted_flakes/042.jpg,kelloggs_frosted_flakes
gs://quantum-ally-219323-vcm/cereal_photos/kelloggs_frosted_flakes/043.jpg,kelloggs_frosted_flakes
gs://quantum-ally-219323-vcm/cereal_photos/kelloggs_frosted_flakes/044.jpg,kelloggs_frosted_flakes
gs://quantum-ally-219323-vcm/cereal_photos/kelloggs_frosted_flakes/045.jpg,kelloggs_frosted_flakes
gs://quantum-ally-219323-vcm/cereal_photos/kelloggs_frosted_flakes/046.jpg,kelloggs_frosted_flakes
gs://quantum-ally-219323-vcm/cereal_photos/kelloggs_frosted_flakes/047.jpg,kelloggs_frosted_flakes
gs://quantum-ally-219323-vcm/cereal_photos/kelloggs_frosted_flakes/048.jpg,kelloggs_frosted_flakes
gs://quantum-ally-219323-vcm/cereal_photos/kelloggs_frosted_flakes/049.jpg,kelloggs_frosted_flakes
gs://quantum-ally-219323-vcm/cereal_photos/kelloggs_frosted_flakes/050.jpg,kelloggs_frosted_flakes
gs://quantum-ally-219323-vcm/cereal_photos/kelloggs_frosted_flakes/051.jpg,kelloggs_frosted_flakes
gs://quantum-ally-219323-vcm/cereal_photos/kelloggs_frosted_flakes/052.jpg,kelloggs_frosted_flakes
gs://quantum-ally-219323-vcm/cereal_photos/kelloggs_frosted_flakes/053.jpg,kelloggs_frosted_flakes
gs://quantum-ally-219323-vcm/cereal_photos/kelloggs_frosted_flakes/054.jpg,kelloggs_frosted_flakes
gs://quantum-ally-219323-vcm/cereal_photos/kelloggs_frosted_flakes/055.jpg,kelloggs_frosted_flakes
gs://quantum-ally-219323-vcm/cereal_photos/kelloggs_frosted_flakes/056.jpg,kelloggs_frosted_flakes
gs://quantum-ally-219323-vcm/cereal_photos/kelloggs_frosted_flakes/057.jpg,kelloggs_frosted_flakes
gs://quantum-ally-219323-vcm/cereal_photos/kelloggs_frosted_flakes/058.jpg,kelloggs_frosted_flakes
gs://quantum-ally-219323-vcm/cereal_photos/kelloggs_frosted_flakes/059.jpg,kelloggs_frosted_flakes
gs://quantum-ally-219323-vcm/cereal_photos/kelloggs_frosted_flakes/060.jpg,kelloggs_frosted_flakes
gs://quantum-ally-219323-vcm/cereal_photos/kelloggs_frosted_flakes/061.jpg,kelloggs_frosted_flakes
gs://quantum-ally-219323-vcm/cereal_photos/kelloggs_frosted_flakes/062.jpg,kelloggs_frosted_flakes
gs://quantum-ally-219323-vcm/cereal_photos/kelloggs_frosted_flakes/063.jpg,kelloggs_frosted_flakes
gs://quantum-ally-219323-vcm/cereal_photos/kelloggs_frosted_flakes/064.jpg,kelloggs_frosted_flakes
gs://quantum-ally-219323-vcm/cereal_photos/kelloggs_frosted_flakes/065.jpg,kelloggs_frosted_flakes
gs://quantum-ally-219323-vcm/cereal_photos/kelloggs_frosted_flakes/066.jpg,kelloggs_frosted_flakes
gs://quantum-ally-219323-vcm/cereal_photos/kelloggs_frosted_flakes/067.jpg,kelloggs_frosted_flakes
gs://quantum-ally-219323-vcm/cereal_photos/kelloggs_frosted_flakes/068.jpg,kelloggs_frosted_flakes
gs://quantum-ally-219323-vcm/cereal_photos/kelloggs_frosted_flakes/069.jpg,kelloggs_frosted_flakes
gs://quantum-ally-219323-vcm/cereal_photos/kelloggs_rice_krispies/001.jpg,kelloggs_rice_krispies
gs://quantum-ally-219323-vcm/cereal_photos/kelloggs_rice_krispies/002.jpg,kelloggs_rice_krispies
gs://quantum-ally-219323-vcm/cereal_photos/kelloggs_rice_krispies/003.jpg,kelloggs_rice_krispies
gs://quantum-ally-219323-vcm/cereal_photos/kelloggs_rice_krispies/004.jpg,kelloggs_rice_krispies
gs://quantum-ally-219323-vcm/cereal_photos/kelloggs_rice_krispies/005.jpg,kelloggs_rice_krispies
gs://quantum-ally-219323-vcm/cereal_photos/kelloggs_rice_krispies/006.jpg,kelloggs_rice_krispies
gs://quantum-ally-219323-vcm/cereal_photos/kelloggs_rice_krispies/007.jpg,kelloggs_rice_krispies
gs://quantum-ally-219323-vcm/cereal_photos/kelloggs_rice_krispies/008.jpg,kelloggs_rice_krispies
gs://quantum-ally-219323-vcm/cereal_photos/kelloggs_rice_krispies/009.jpg,kelloggs_rice_krispies
gs://quantum-ally-219323-vcm/cereal_photos/kelloggs_rice_krispies/010.jpg,kelloggs_rice_krispies
gs://quantum-ally-219323-vcm/cereal_photos/kelloggs_rice_krispies/011.jpg,kelloggs_rice_krispies
gs://quantum-ally-219323-vcm/cereal_photos/kelloggs_rice_krispies/012.jpg,kelloggs_rice_krispies
gs://quantum-ally-219323-vcm/cereal_photos/kelloggs_rice_krispies/013.jpg,kelloggs_rice_krispies
gs://quantum-ally-219323-vcm/cereal_photos/kelloggs_rice_krispies/014.jpg,kelloggs_rice_krispies
gs://quantum-ally-219323-vcm/cereal_photos/kelloggs_rice_krispies/015.jpg,kelloggs_rice_krispies
gs://quantum-ally-219323-vcm/cereal_photos/kelloggs_rice_krispies/016.jpg,kelloggs_rice_krispies
gs://quantum-ally-219323-vcm/cereal_photos/kelloggs_rice_krispies/017.jpg,kelloggs_rice_krispies
gs://quantum-ally-219323-vcm/cereal_photos/kelloggs_rice_krispies/018.jpg,kelloggs_rice_krispies
gs://quantum-ally-219323-vcm/cereal_photos/kelloggs_rice_krispies/019.jpg,kelloggs_rice_krispies
gs://quantum-ally-219323-vcm/cereal_photos/kelloggs_rice_krispies/020.jpg,kelloggs_rice_krispies
gs://quantum-ally-219323-vcm/cereal_photos/kelloggs_rice_krispies/021.jpg,kelloggs_rice_krispies
gs://quantum-ally-219323-vcm/cereal_photos/kelloggs_rice_krispies/022.jpg,kelloggs_rice_krispies
gs://quantum-ally-219323-vcm/cereal_photos/kelloggs_rice_krispies/023.jpg,kelloggs_rice_krispies
gs://quantum-ally-219323-vcm/cereal_photos/kelloggs_rice_krispies/024.jpg,kelloggs_rice_krispies
gs://quantum-ally-219323-vcm/cereal_photos/kelloggs_rice_krispies/025.jpg,kelloggs_rice_krispies
gs://quantum-ally-219323-vcm/cereal_photos/kelloggs_rice_krispies/026.jpg,kelloggs_rice_krispies
gs://quantum-ally-219323-vcm/cereal_photos/kelloggs_rice_krispies/027.jpg,kelloggs_rice_krispies
gs://quantum-ally-219323-vcm/cereal_photos/kelloggs_rice_krispies/028.jpg,kelloggs_rice_krispies
gs://quantum-ally-219323-vcm/cereal_photos/kelloggs_rice_krispies/029.jpg,kelloggs_rice_krispies
gs://quantum-ally-219323-vcm/cereal_photos/kelloggs_rice_krispies/030.jpg,kelloggs_rice_krispies
gs://quantum-ally-219323-vcm/cereal_photos/kelloggs_rice_krispies/031.jpg,kelloggs_rice_krispies
gs://quantum-ally-219323-vcm/cereal_photos/kelloggs_rice_krispies/032.jpg,kelloggs_rice_krispies
gs://quantum-ally-219323-vcm/cereal_photos/kelloggs_rice_krispies/033.jpg,kelloggs_rice_krispies
gs://quantum-ally-219323-vcm/cereal_photos/kelloggs_rice_krispies/034.jpg,kelloggs_rice_krispies
gs://quantum-ally-219323-vcm/cereal_photos/kelloggs_rice_krispies/035.jpg,kelloggs_rice_krispies
gs://quantum-ally-219323-vcm/cereal_photos/kelloggs_rice_krispies/036.jpg,kelloggs_rice_krispies
gs://quantum-ally-219323-vcm/cereal_photos/kelloggs_rice_krispies/037.jpg,kelloggs_rice_krispies
gs://quantum-ally-219323-vcm/cereal_photos/kelloggs_rice_krispies/038.jpg,kelloggs_rice_krispies
gs://quantum-ally-219323-vcm/cereal_photos/kelloggs_rice_krispies/039.jpg,kelloggs_rice_krispies
gs://quantum-ally-219323-vcm/cereal_photos/kelloggs_rice_krispies/040.jpg,kelloggs_rice_krispies
gs://quantum-ally-219323-vcm/cereal_photos/kelloggs_rice_krispies/041.jpg,kelloggs_rice_krispies
gs://quantum-ally-219323-vcm/cereal_photos/kelloggs_rice_krispies/042.jpg,kelloggs_rice_krispies
gs://quantum-ally-219323-vcm/cereal_photos/kelloggs_rice_krispies/043.jpg,kelloggs_rice_krispies
gs://quantum-ally-219323-vcm/cereal_photos/kelloggs_rice_krispies/044.jpg,kelloggs_rice_krispies
gs://quantum-ally-219323-vcm/cereal_photos/kelloggs_rice_krispies/045.jpg,kelloggs_rice_krispies
gs://quantum-ally-219323-vcm/cereal_photos/kelloggs_rice_krispies/046.jpg,kelloggs_rice_krispies
gs://quantum-ally-219323-vcm/cereal_photos/kelloggs_rice_krispies/047.jpg,kelloggs_rice_krispies
gs://quantum-ally-219323-vcm/cereal_photos/kelloggs_rice_krispies/048.jpg,kelloggs_rice_krispies
gs://quantum-ally-219323-vcm/cereal_photos/kelloggs_rice_krispies/049.jpg,kelloggs_rice_krispies
gs://quantum-ally-219323-vcm/cereal_photos/kelloggs_rice_krispies/050.jpg,kelloggs_rice_krispies
gs://quantum-ally-219323-vcm/cereal_photos/kelloggs_rice_krispies/051.jpg,kelloggs_rice_krispies
gs://quantum-ally-219323-vcm/cereal_photos/kelloggs_rice_krispies/052.jpg,kelloggs_rice_krispies
gs://quantum-ally-219323-vcm/cereal_photos/kelloggs_rice_krispies/053.jpg,kelloggs_rice_krispies
gs://quantum-ally-219323-vcm/cereal_photos/kelloggs_rice_krispies/054.jpg,kelloggs_rice_krispies
gs://quantum-ally-219323-vcm/cereal_photos/kelloggs_rice_krispies/055.jpg,kelloggs_rice_krispies
gs://quantum-ally-219323-vcm/cereal_photos/kelloggs_rice_krispies/056.jpg,kelloggs_rice_krispies
gs://quantum-ally-219323-vcm/cereal_photos/kelloggs_rice_krispies/057.jpg,kelloggs_rice_krispies
gs://quantum-ally-219323-vcm/cereal_photos/kelloggs_rice_krispies/058.jpg,kelloggs_rice_krispies
gs://quantum-ally-219323-vcm/cereal_photos/kelloggs_rice_krispies/059.jpg,kelloggs_rice_krispies
gs://quantum-ally-219323-vcm/cereal_photos/kelloggs_rice_krispies/060.jpg,kelloggs_rice_krispies
gs://quantum-ally-219323-vcm/cereal_photos/kelloggs_rice_krispies/061.jpg,kelloggs_rice_krispies
gs://quantum-ally-219323-vcm/cereal_photos/kelloggs_rice_krispies/062.jpg,kelloggs_rice_krispies
gs://quantum-ally-219323-vcm/cereal_photos/kelloggs_rice_krispies/063.jpg,kelloggs_rice_krispies
gs://quantum-ally-219323-vcm/cereal_photos/kelloggs_rice_krispies/064.jpg,kelloggs_rice_krispies
gs://quantum-ally-219323-vcm/cereal_photos/multi_grain_cheerios/001.jpg,multi_grain_cheerios
gs://quantum-ally-219323-vcm/cereal_photos/multi_grain_cheerios/002.jpg,multi_grain_cheerios
gs://quantum-ally-219323-vcm/cereal_photos/multi_grain_cheerios/003.jpg,multi_grain_cheerios
gs://quantum-ally-219323-vcm/cereal_photos/multi_grain_cheerios/004.jpg,multi_grain_cheerios
gs://quantum-ally-219323-vcm/cereal_photos/multi_grain_cheerios/005.jpg,multi_grain_cheerios
gs://quantum-ally-219323-vcm/cereal_photos/multi_grain_cheerios/006.jpg,multi_grain_cheerios
gs://quantum-ally-219323-vcm/cereal_photos/multi_grain_cheerios/007.jpg,multi_grain_cheerios
gs://quantum-ally-219323-vcm/cereal_photos/multi_grain_cheerios/008.jpg,multi_grain_cheerios
gs://quantum-ally-219323-vcm/cereal_photos/multi_grain_cheerios/009.jpg,multi_grain_cheerios
gs://quantum-ally-219323-vcm/cereal_photos/multi_grain_cheerios/010.jpg,multi_grain_cheerios
gs://quantum-ally-219323-vcm/cereal_photos/multi_grain_cheerios/011.jpg,multi_grain_cheerios
gs://quantum-ally-219323-vcm/cereal_photos/multi_grain_cheerios/012.jpg,multi_grain_cheerios
gs://quantum-ally-219323-vcm/cereal_photos/multi_grain_cheerios/013.jpg,multi_grain_cheerios
gs://quantum-ally-219323-vcm/cereal_photos/multi_grain_cheerios/014.jpg,multi_grain_cheerios
gs://quantum-ally-219323-vcm/cereal_photos/multi_grain_cheerios/015.jpg,multi_grain_cheerios
gs://quantum-ally-219323-vcm/cereal_photos/multi_grain_cheerios/016.jpg,multi_grain_cheerios
gs://quantum-ally-219323-vcm/cereal_photos/multi_grain_cheerios/017.jpg,multi_grain_cheerios
gs://quantum-ally-219323-vcm/cereal_photos/multi_grain_cheerios/018.jpg,multi_grain_cheerios
gs://quantum-ally-219323-vcm/cereal_photos/multi_grain_cheerios/019.jpg,multi_grain_cheerios
gs://quantum-ally-219323-vcm/cereal_photos/multi_grain_cheerios/020.jpg,multi_grain_cheerios
gs://quantum-ally-219323-vcm/cereal_photos/multi_grain_cheerios/021.jpg,multi_grain_cheerios
gs://quantum-ally-219323-vcm/cereal_photos/multi_grain_cheerios/022.jpg,multi_grain_cheerios
gs://quantum-ally-219323-vcm/cereal_photos/multi_grain_cheerios/023.jpg,multi_grain_cheerios
gs://quantum-ally-219323-vcm/cereal_photos/multi_grain_cheerios/024.jpg,multi_grain_cheerios
gs://quantum-ally-219323-vcm/cereal_photos/multi_grain_cheerios/025.jpg,multi_grain_cheerios
gs://quantum-ally-219323-vcm/cereal_photos/multi_grain_cheerios/026.jpg,multi_grain_cheerios
gs://quantum-ally-219323-vcm/cereal_photos/multi_grain_cheerios/027.jpg,multi_grain_cheerios
gs://quantum-ally-219323-vcm/cereal_photos/multi_grain_cheerios/028.jpg,multi_grain_cheerios
gs://quantum-ally-219323-vcm/cereal_photos/multi_grain_cheerios/029.jpg,multi_grain_cheerios
gs://quantum-ally-219323-vcm/cereal_photos/multi_grain_cheerios/030.jpg,multi_grain_cheerios
gs://quantum-ally-219323-vcm/cereal_photos/multi_grain_cheerios/031.jpg,multi_grain_cheerios
gs://quantum-ally-219323-vcm/cereal_photos/multi_grain_cheerios/032.jpg,multi_grain_cheerios
gs://quantum-ally-219323-vcm/cereal_photos/multi_grain_cheerios/033.jpg,multi_grain_cheerios
gs://quantum-ally-219323-vcm/cereal_photos/multi_grain_cheerios/034.jpg,multi_grain_cheerios
gs://quantum-ally-219323-vcm/cereal_photos/multi_grain_cheerios/035.jpg,multi_grain_cheerios
gs://quantum-ally-219323-vcm/cereal_photos/multi_grain_cheerios/036.jpg,multi_grain_cheerios
gs://quantum-ally-219323-vcm/cereal_photos/multi_grain_cheerios/037.jpg,multi_grain_cheerios
gs://quantum-ally-219323-vcm/cereal_photos/multi_grain_cheerios/038.jpg,multi_grain_cheerios
gs://quantum-ally-219323-vcm/cereal_photos/multi_grain_cheerios/039.jpg,multi_grain_cheerios
gs://quantum-ally-219323-vcm/cereal_photos/multi_grain_cheerios/040.jpg,multi_grain_cheerios
gs://quantum-ally-219323-vcm/cereal_photos/multi_grain_cheerios/041.jpg,multi_grain_cheerios
gs://quantum-ally-219323-vcm/cereal_photos/multi_grain_cheerios/042.jpg,multi_grain_cheerios
gs://quantum-ally-219323-vcm/cereal_photos/multi_grain_cheerios/043.jpg,multi_grain_cheerios
gs://quantum-ally-219323-vcm/cereal_photos/multi_grain_cheerios/044.jpg,multi_grain_cheerios
gs://quantum-ally-219323-vcm/cereal_photos/multi_grain_cheerios/045.jpg,multi_grain_cheerios
gs://quantum-ally-219323-vcm/cereal_photos/multi_grain_cheerios/046.jpg,multi_grain_cheerios
gs://quantum-ally-219323-vcm/cereal_photos/multi_grain_cheerios/047.jpg,multi_grain_cheerios
gs://quantum-ally-219323-vcm/cereal_photos/multi_grain_cheerios/048.jpg,multi_grain_cheerios
gs://quantum-ally-219323-vcm/cereal_photos/multi_grain_cheerios/049.jpg,multi_grain_cheerios
gs://quantum-ally-219323-vcm/cereal_photos/multi_grain_cheerios/050.jpg,multi_grain_cheerios
gs://quantum-ally-219323-vcm/cereal_photos/multi_grain_cheerios/051.jpg,multi_grain_cheerios
gs://quantum-ally-219323-vcm/cereal_photos/multi_grain_cheerios/052.jpg,multi_grain_cheerios
gs://quantum-ally-219323-vcm/cereal_photos/multi_grain_cheerios/053.jpg,multi_grain_cheerios
gs://quantum-ally-219323-vcm/cereal_photos/multi_grain_cheerios/054.jpg,multi_grain_cheerios
gs://quantum-ally-219323-vcm/cereal_photos/multi_grain_cheerios/055.jpg,multi_grain_cheerios
gs://quantum-ally-219323-vcm/cereal_photos/multi_grain_cheerios/056.jpg,multi_grain_cheerios
gs://quantum-ally-219323-vcm/cereal_photos/multi_grain_cheerios/057.jpg,multi_grain_cheerios
gs://quantum-ally-219323-vcm/cereal_photos/multi_grain_cheerios/058.jpg,multi_grain_cheerios
gs://quantum-ally-219323-vcm/cereal_photos/multi_grain_cheerios/059.jpg,multi_grain_cheerios
gs://quantum-ally-219323-vcm/cereal_photos/multi_grain_cheerios/060.jpg,multi_grain_cheerios
gs://quantum-ally-219323-vcm/cereal_photos/multi_grain_cheerios/061.jpg,multi_grain_cheerios
gs://quantum-ally-219323-vcm/cereal_photos/multi_grain_cheerios/062.jpg,multi_grain_cheerios
gs://quantum-ally-219323-vcm/cereal_photos/multi_grain_cheerios/063.jpg,multi_grain_cheerios
gs://quantum-ally-219323-vcm/cereal_photos/multi_grain_cheerios/064.jpg,multi_grain_cheerios
gs://quantum-ally-219323-vcm/cereal_photos/multi_grain_cheerios/065.jpg,multi_grain_cheerios
gs://quantum-ally-219323-vcm/cereal_photos/multi_grain_cheerios/066.jpg,multi_grain_cheerios
gs://quantum-ally-219323-vcm/cereal_photos/multi_grain_cheerios/067.jpg,multi_grain_cheerios
gs://quantum-ally-219323-vcm/cereal_photos/multi_grain_cheerios/068.jpg,multi_grain_cheerios
gs://quantum-ally-219323-vcm/cereal_photos/multi_grain_cheerios/069.jpg,multi_grain_cheerios
gs://quantum-ally-219323-vcm/cereal_photos/multi_grain_cheerios/070.jpg,multi_grain_cheerios
gs://quantum-ally-219323-vcm/cereal_photos/multi_grain_cheerios/071.jpg,multi_grain_cheerios
gs://quantum-ally-219323-vcm/cereal_photos/multi_grain_cheerios/072.jpg,multi_grain_cheerios
gs://quantum-ally-219323-vcm/cereal_photos/multi_grain_cheerios/073.jpg,multi_grain_cheerios
gs://quantum-ally-219323-vcm/cereal_photos/multi_grain_cheerios/074.jpg,multi_grain_cheerios
gs://quantum-ally-219323-vcm/cereal_photos/multi_grain_cheerios/075.jpg,multi_grain_cheerios
gs://quantum-ally-219323-vcm/cereal_photos/multi_grain_cheerios/076.jpg,multi_grain_cheerios
gs://quantum-ally-219323-vcm/cereal_photos/multi_grain_cheerios/077.jpg,multi_grain_cheerios
gs://quantum-ally-219323-vcm/cereal_photos/multi_grain_cheerios/078.jpg,multi_grain_cheerios
gs://quantum-ally-219323-vcm/cereal_photos/multi_grain_cheerios/079.jpg,multi_grain_cheerios
gs://quantum-ally-219323-vcm/cereal_photos/multi_grain_cheerios/080.jpg,multi_grain_cheerios
gs://quantum-ally-219323-vcm/cereal_photos/None_of_the_above/images.jpg,None_of_the_above
gs://quantum-ally-219323-vcm/cereal_photos/None_of_the_above/images_(1).jpg,None_of_the_above
gs://quantum-ally-219323-vcm/cereal_photos/None_of_the_above/images_(10).jpg,None_of_the_above
gs://quantum-ally-219323-vcm/cereal_photos/None_of_the_above/images_(100).jpg,None_of_the_above
gs://quantum-ally-219323-vcm/cereal_photos/None_of_the_above/images_(11).jpg,None_of_the_above
gs://quantum-ally-219323-vcm/cereal_photos/None_of_the_above/images_(12).jpg,None_of_the_above
gs://quantum-ally-219323-vcm/cereal_photos/None_of_the_above/images_(13).jpg,None_of_the_above
gs://quantum-ally-219323-vcm/cereal_photos/None_of_the_above/images_(14).jpg,None_of_the_above
gs://quantum-ally-219323-vcm/cereal_photos/None_of_the_above/images_(15).jpg,None_of_the_above
gs://quantum-ally-219323-vcm/cereal_photos/None_of_the_above/images_(16).jpg,None_of_the_above
gs://quantum-ally-219323-vcm/cereal_photos/None_of_the_above/images_(17).jpg,None_of_the_above
gs://quantum-ally-219323-vcm/cereal_photos/None_of_the_above/images_(18).jpg,None_of_the_above
gs://quantum-ally-219323-vcm/cereal_photos/None_of_the_above/images_(19).jpg,None_of_the_above
gs://quantum-ally-219323-vcm/cereal_photos/None_of_the_above/images_(2).jpg,None_of_the_above
gs://quantum-ally-219323-vcm/cereal_photos/None_of_the_above/images_(20).jpg,None_of_the_above
gs://quantum-ally-219323-vcm/cereal_photos/None_of_the_above/images_(21).jpg,None_of_the_above
gs://quantum-ally-219323-vcm/cereal_photos/None_of_the_above/images_(22).jpg,None_of_the_above
gs://quantum-ally-219323-vcm/cereal_photos/None_of_the_above/images_(23).jpg,None_of_the_above
gs://quantum-ally-219323-vcm/cereal_photos/None_of_the_above/images_(24).jpg,None_of_the_above
gs://quantum-ally-219323-vcm/cereal_photos/None_of_the_above/images_(25).jpg,None_of_the_above
gs://quantum-ally-219323-vcm/cereal_photos/None_of_the_above/images_(26).jpg,None_of_the_above
gs://quantum-ally-219323-vcm/cereal_photos/None_of_the_above/images_(27).jpg,None_of_the_above
gs://quantum-ally-219323-vcm/cereal_photos/None_of_the_above/images_(28).jpg,None_of_the_above
gs://quantum-ally-219323-vcm/cereal_photos/None_of_the_above/images_(29).jpg,None_of_the_above
gs://quantum-ally-219323-vcm/cereal_photos/None_of_the_above/images_(3).jpg,None_of_the_above
gs://quantum-ally-219323-vcm/cereal_photos/None_of_the_above/images_(30).jpg,None_of_the_above
gs://quantum-ally-219323-vcm/cereal_photos/None_of_the_above/images_(31).jpg,None_of_the_above
gs://quantum-ally-219323-vcm/cereal_photos/None_of_the_above/images_(32).jpg,None_of_the_above
gs://quantum-ally-219323-vcm/cereal_photos/None_of_the_above/images_(33).jpg,None_of_the_above
gs://quantum-ally-219323-vcm/cereal_photos/None_of_the_above/images_(34).jpg,None_of_the_above
gs://quantum-ally-219323-vcm/cereal_photos/None_of_the_above/images_(35).jpg,None_of_the_above
gs://quantum-ally-219323-vcm/cereal_photos/None_of_the_above/images_(36).jpg,None_of_the_above
gs://quantum-ally-219323-vcm/cereal_photos/None_of_the_above/images_(37).jpg,None_of_the_above
gs://quantum-ally-219323-vcm/cereal_photos/None_of_the_above/images_(38).jpg,None_of_the_above
gs://quantum-ally-219323-vcm/cereal_photos/None_of_the_above/images_(39).jpg,None_of_the_above
gs://quantum-ally-219323-vcm/cereal_photos/None_of_the_above/images_(4).jpg,None_of_the_above
gs://quantum-ally-219323-vcm/cereal_photos/None_of_the_above/images_(40).jpg,None_of_the_above
gs://quantum-ally-219323-vcm/cereal_photos/None_of_the_above/images_(41).jpg,None_of_the_above
gs://quantum-ally-219323-vcm/cereal_photos/None_of_the_above/images_(42).jpg,None_of_the_above
gs://quantum-ally-219323-vcm/cereal_photos/None_of_the_above/images_(43).jpg,None_of_the_above
gs://quantum-ally-219323-vcm/cereal_photos/None_of_the_above/images_(44).jpg,None_of_the_above
gs://quantum-ally-219323-vcm/cereal_photos/None_of_the_above/images_(45).jpg,None_of_the_above
gs://quantum-ally-219323-vcm/cereal_photos/None_of_the_above/images_(46).jpg,None_of_the_above
gs://quantum-ally-219323-vcm/cereal_photos/None_of_the_above/images_(47).jpg,None_of_the_above
gs://quantum-ally-219323-vcm/cereal_photos/None_of_the_above/images_(48).jpg,None_of_the_above
gs://quantum-ally-219323-vcm/cereal_photos/None_of_the_above/images_(49).jpg,None_of_the_above
gs://quantum-ally-219323-vcm/cereal_photos/None_of_the_above/images_(5).jpg,None_of_the_above
gs://quantum-ally-219323-vcm/cereal_photos/None_of_the_above/images_(50).jpg,None_of_the_above
gs://quantum-ally-219323-vcm/cereal_photos/None_of_the_above/images_(51).jpg,None_of_the_above
gs://quantum-ally-219323-vcm/cereal_photos/None_of_the_above/images_(52).jpg,None_of_the_above
gs://quantum-ally-219323-vcm/cereal_photos/None_of_the_above/images_(53).jpg,None_of_the_above
gs://quantum-ally-219323-vcm/cereal_photos/None_of_the_above/images_(54).jpg,None_of_the_above
gs://quantum-ally-219323-vcm/cereal_photos/None_of_the_above/images_(55).jpg,None_of_the_above
gs://quantum-ally-219323-vcm/cereal_photos/None_of_the_above/images_(56).jpg,None_of_the_above
gs://quantum-ally-219323-vcm/cereal_photos/None_of_the_above/images_(57).jpg,None_of_the_above
gs://quantum-ally-219323-vcm/cereal_photos/None_of_the_above/images_(58).jpg,None_of_the_above
gs://quantum-ally-219323-vcm/cereal_photos/None_of_the_above/images_(59).jpg,None_of_the_above
gs://quantum-ally-219323-vcm/cereal_photos/None_of_the_above/images_(6).jpg,None_of_the_above
gs://quantum-ally-219323-vcm/cereal_photos/None_of_the_above/images_(60).jpg,None_of_the_above
gs://quantum-ally-219323-vcm/cereal_photos/None_of_the_above/images_(61).jpg,None_of_the_above
gs://quantum-ally-219323-vcm/cereal_photos/None_of_the_above/images_(62).jpg,None_of_the_above
gs://quantum-ally-219323-vcm/cereal_photos/None_of_the_above/images_(63).jpg,None_of_the_above
gs://quantum-ally-219323-vcm/cereal_photos/None_of_the_above/images_(64).jpg,None_of_the_above
gs://quantum-ally-219323-vcm/cereal_photos/None_of_the_above/images_(65).jpg,None_of_the_above
gs://quantum-ally-219323-vcm/cereal_photos/None_of_the_above/images_(66).jpg,None_of_the_above
gs://quantum-ally-219323-vcm/cereal_photos/None_of_the_above/images_(67).jpg,None_of_the_above
gs://quantum-ally-219323-vcm/cereal_photos/None_of_the_above/images_(68).jpg,None_of_the_above
gs://quantum-ally-219323-vcm/cereal_photos/None_of_the_above/images_(69).jpg,None_of_the_above
gs://quantum-ally-219323-vcm/cereal_photos/None_of_the_above/images_(7).jpg,None_of_the_above
gs://quantum-ally-219323-vcm/cereal_photos/None_of_the_above/images_(70).jpg,None_of_the_above
gs://quantum-ally-219323-vcm/cereal_photos/None_of_the_above/images_(71).jpg,None_of_the_above
gs://quantum-ally-219323-vcm/cereal_photos/None_of_the_above/images_(72).jpg,None_of_the_above
gs://quantum-ally-219323-vcm/cereal_photos/None_of_the_above/images_(73).jpg,None_of_the_above
gs://quantum-ally-219323-vcm/cereal_photos/None_of_the_above/images_(74).jpg,None_of_the_above
gs://quantum-ally-219323-vcm/cereal_photos/None_of_the_above/images_(75).jpg,None_of_the_above
gs://quantum-ally-219323-vcm/cereal_photos/None_of_the_above/images_(76).jpg,None_of_the_above
gs://quantum-ally-219323-vcm/cereal_photos/None_of_the_above/images_(77).jpg,None_of_the_above
gs://quantum-ally-219323-vcm/cereal_photos/None_of_the_above/images_(78).jpg,None_of_the_above
gs://quantum-ally-219323-vcm/cereal_photos/None_of_the_above/images_(79).jpg,None_of_the_above
gs://quantum-ally-219323-vcm/cereal_photos/None_of_the_above/images_(8).jpg,None_of_the_above
gs://quantum-ally-219323-vcm/cereal_photos/None_of_the_above/images_(80).jpg,None_of_the_above
gs://quantum-ally-219323-vcm/cereal_photos/None_of_the_above/images_(81).jpg,None_of_the_above
gs://quantum-ally-219323-vcm/cereal_photos/None_of_the_above/images_(82).jpg,None_of_the_above
gs://quantum-ally-219323-vcm/cereal_photos/None_of_the_above/images_(83).jpg,None_of_the_above
gs://quantum-ally-219323-vcm/cereal_photos/None_of_the_above/images_(84).jpg,None_of_the_above
gs://quantum-ally-219323-vcm/cereal_photos/None_of_the_above/images_(85).jpg,None_of_the_above
gs://quantum-ally-219323-vcm/cereal_photos/None_of_the_above/images_(86).jpg,None_of_the_above
gs://quantum-ally-219323-vcm/cereal_photos/None_of_the_above/images_(87).jpg,None_of_the_above
gs://quantum-ally-219323-vcm/cereal_photos/None_of_the_above/images_(88).jpg,None_of_the_above
gs://quantum-ally-219323-vcm/cereal_photos/None_of_the_above/images_(89).jpg,None_of_the_above
gs://quantum-ally-219323-vcm/cereal_photos/None_of_the_above/images_(9).jpg,None_of_the_above
gs://quantum-ally-219323-vcm/cereal_photos/None_of_the_above/images_(90).jpg,None_of_the_above
gs://quantum-ally-219323-vcm/cereal_photos/None_of_the_above/images_(91).jpg,None_of_the_above
gs://quantum-ally-219323-vcm/cereal_photos/None_of_the_above/images_(92).jpg,None_of_the_above
gs://quantum-ally-219323-vcm/cereal_photos/None_of_the_above/images_(93).jpg,None_of_the_above
gs://quantum-ally-219323-vcm/cereal_photos/None_of_the_above/images_(94).jpg,None_of_the_above
gs://quantum-ally-219323-vcm/cereal_photos/None_of_the_above/images_(95).jpg,None_of_the_above
gs://quantum-ally-219323-vcm/cereal_photos/None_of_the_above/images_(96).jpg,None_of_the_above
gs://quantum-ally-219323-vcm/cereal_photos/None_of_the_above/images_(97).jpg,None_of_the_above
gs://quantum-ally-219323-vcm/cereal_photos/None_of_the_above/images_(98).jpg,None_of_the_above
gs://quantum-ally-219323-vcm/cereal_photos/None_of_the_above/images_(99).jpg,None_of_the_above
gs://quantum-ally-219323-vcm/cereal_photos/sugar_crisp/001.jpg,sugar_crisp
gs://quantum-ally-219323-vcm/cereal_photos/sugar_crisp/002.jpg,sugar_crisp
gs://quantum-ally-219323-vcm/cereal_photos/sugar_crisp/003.jpg,sugar_crisp
gs://quantum-ally-219323-vcm/cereal_photos/sugar_crisp/004.jpg,sugar_crisp
gs://quantum-ally-219323-vcm/cereal_photos/sugar_crisp/005.jpg,sugar_crisp
gs://quantum-ally-219323-vcm/cereal_photos/sugar_crisp/006.jpg,sugar_crisp
gs://quantum-ally-219323-vcm/cereal_photos/sugar_crisp/007.jpg,sugar_crisp
gs://quantum-ally-219323-vcm/cereal_photos/sugar_crisp/008.jpg,sugar_crisp
gs://quantum-ally-219323-vcm/cereal_photos/sugar_crisp/009.jpg,sugar_crisp
gs://quantum-ally-219323-vcm/cereal_photos/sugar_crisp/010.jpg,sugar_crisp
gs://quantum-ally-219323-vcm/cereal_photos/sugar_crisp/011.jpg,sugar_crisp
gs://quantum-ally-219323-vcm/cereal_photos/sugar_crisp/012.jpg,sugar_crisp
gs://quantum-ally-219323-vcm/cereal_photos/sugar_crisp/013.jpg,sugar_crisp
gs://quantum-ally-219323-vcm/cereal_photos/sugar_crisp/014.jpg,sugar_crisp
gs://quantum-ally-219323-vcm/cereal_photos/sugar_crisp/015.jpg,sugar_crisp
gs://quantum-ally-219323-vcm/cereal_photos/sugar_crisp/016.jpg,sugar_crisp
gs://quantum-ally-219323-vcm/cereal_photos/sugar_crisp/017.jpg,sugar_crisp
gs://quantum-ally-219323-vcm/cereal_photos/sugar_crisp/018.jpg,sugar_crisp
gs://quantum-ally-219323-vcm/cereal_photos/sugar_crisp/019.jpg,sugar_crisp
gs://quantum-ally-219323-vcm/cereal_photos/sugar_crisp/020.jpg,sugar_crisp
gs://quantum-ally-219323-vcm/cereal_photos/sugar_crisp/021.jpg,sugar_crisp
gs://quantum-ally-219323-vcm/cereal_photos/sugar_crisp/022.jpg,sugar_crisp
gs://quantum-ally-219323-vcm/cereal_photos/sugar_crisp/023.jpg,sugar_crisp
gs://quantum-ally-219323-vcm/cereal_photos/sugar_crisp/024.jpg,sugar_crisp
gs://quantum-ally-219323-vcm/cereal_photos/sugar_crisp/025.jpg,sugar_crisp
gs://quantum-ally-219323-vcm/cereal_photos/sugar_crisp/026.jpg,sugar_crisp
gs://quantum-ally-219323-vcm/cereal_photos/sugar_crisp/027.jpg,sugar_crisp
gs://quantum-ally-219323-vcm/cereal_photos/sugar_crisp/028.jpg,sugar_crisp
gs://quantum-ally-219323-vcm/cereal_photos/sugar_crisp/029.jpg,sugar_crisp
gs://quantum-ally-219323-vcm/cereal_photos/sugar_crisp/030.jpg,sugar_crisp
gs://quantum-ally-219323-vcm/cereal_photos/sugar_crisp/031.jpg,sugar_crisp
gs://quantum-ally-219323-vcm/cereal_photos/sugar_crisp/032.jpg,sugar_crisp
gs://quantum-ally-219323-vcm/cereal_photos/sugar_crisp/033.jpg,sugar_crisp
gs://quantum-ally-219323-vcm/cereal_photos/sugar_crisp/034.jpg,sugar_crisp
gs://quantum-ally-219323-vcm/cereal_photos/sugar_crisp/035.jpg,sugar_crisp
gs://quantum-ally-219323-vcm/cereal_photos/sugar_crisp/036.jpg,sugar_crisp
gs://quantum-ally-219323-vcm/cereal_photos/sugar_crisp/037.jpg,sugar_crisp
gs://quantum-ally-219323-vcm/cereal_photos/sugar_crisp/038.jpg,sugar_crisp
gs://quantum-ally-219323-vcm/cereal_photos/sugar_crisp/039.jpg,sugar_crisp
gs://quantum-ally-219323-vcm/cereal_photos/sugar_crisp/040.jpg,sugar_crisp
gs://quantum-ally-219323-vcm/cereal_photos/sugar_crisp/041.jpg,sugar_crisp
gs://quantum-ally-219323-vcm/cereal_photos/sugar_crisp/042.jpg,sugar_crisp
gs://quantum-ally-219323-vcm/cereal_photos/sugar_crisp/043.jpg,sugar_crisp
gs://quantum-ally-219323-vcm/cereal_photos/sugar_crisp/044.jpg,sugar_crisp
gs://quantum-ally-219323-vcm/cereal_photos/sugar_crisp/045.jpg,sugar_crisp
gs://quantum-ally-219323-vcm/cereal_photos/sugar_crisp/046.jpg,sugar_crisp
gs://quantum-ally-219323-vcm/cereal_photos/sugar_crisp/047.jpg,sugar_crisp
gs://quantum-ally-219323-vcm/cereal_photos/sugar_crisp/048.jpg,sugar_crisp
gs://quantum-ally-219323-vcm/cereal_photos/sugar_crisp/049.jpg,sugar_crisp
gs://quantum-ally-219323-vcm/cereal_photos/sugar_crisp/050.jpg,sugar_crisp
gs://quantum-ally-219323-vcm/cereal_photos/sugar_crisp/051.jpg,sugar_crisp
gs://quantum-ally-219323-vcm/cereal_photos/sugar_crisp/052.jpg,sugar_crisp
gs://quantum-ally-219323-vcm/cereal_photos/sugar_crisp/053.jpg,sugar_crisp
gs://quantum-ally-219323-vcm/cereal_photos/sugar_crisp/054.jpg,sugar_crisp
gs://quantum-ally-219323-vcm/cereal_photos/sugar_crisp/055.jpg,sugar_crisp
gs://quantum-ally-219323-vcm/cereal_photos/sugar_crisp/056.jpg,sugar_crisp
gs://quantum-ally-219323-vcm/cereal_photos/sugar_crisp/057.jpg,sugar_crisp
gs://quantum-ally-219323-vcm/cereal_photos/sugar_crisp/058.jpg,sugar_crisp
gs://quantum-ally-219323-vcm/cereal_photos/sugar_crisp/059.jpg,sugar_crisp
gs://quantum-ally-219323-vcm/cereal_photos/sugar_crisp/060.jpg,sugar_crisp
gs://quantum-ally-219323-vcm/cereal_photos/sugar_crisp/061.jpg,sugar_crisp
gs://quantum-ally-219323-vcm/cereal_photos/sugar_crisp/062.jpg,sugar_crisp
gs://quantum-ally-219323-vcm/cereal_photos/sugar_crisp/063.jpg,sugar_crisp
gs://quantum-ally-219323-vcm/cereal_photos/sugar_crisp/064.jpg,sugar_crisp
gs://quantum-ally-219323-vcm/cereal_photos/sugar_crisp/065.jpg,sugar_crisp
gs://quantum-ally-219323-vcm/cereal_photos/sugar_crisp/066.jpg,sugar_crisp
gs://quantum-ally-219323-vcm/cereal_photos/sugar_crisp/067.jpg,sugar_crisp
gs://quantum-ally-219323-vcm/cereal_photos/sugar_crisp/068.jpg,sugar_crisp
gs://quantum-ally-219323-vcm/cereal_photos/sugar_crisp/069.jpg,sugar_crisp
gs://quantum-ally-219323-vcm/cereal_photos/sugar_crisp/070.jpg,sugar_crisp
gs://quantum-ally-219323-vcm/cereal_photos/sugar_crisp/071.jpg,sugar_crisp
gs://quantum-ally-219323-vcm/cereal_photos/sugar_crisp/072.jpg,sugar_crisp
